6	6.22649	0.02032774	11.979	0	0	85	0.37568	0.292678	0.969993	1.335169	-3.968047	-1.212753
6	5.722657	-4.005752	11.979	0	0	433	0.099483	0.005021	0.332139	2.46635	-4.257061	0.058943
6	5.158241	-3.82468	11.979	0	0	117	0.107604	0.003912	0.338651	1.335169	-3.968047	-1.212753
6	4.566856	-3.109797	11.979	0	0	11	0.382765	0.099354	1.52067	1.335169	-3.968047	-1.212753
6	3.868545	-1.281485	11.979	0	0	447	0.050749	0.043578	0.101779	1.060594	-3.888001	5.736525
6	3.481388	-1.846108	11.979	0	0	12	0.124353	0.113766	0.701535	1.335169	-3.968047	-1.212753
6	2.766506	-4.416564	11.979	0	0	15	0.092177	-0.031778	0.927204	1.335169	-3.968047	-1.212753
6	2.384509	-2.83818	11.979	0	0	13	0.182169	0.191407	2.162458	1.335169	-3.968047	-1.212753
6	1.911829	-0.09859313	11.979	0	0	112	0.054033	0.29758	1.011927	1.335169	-3.968047	-1.212753
6	1.663932	0.9033915	11.979	0	0	-1	0.0	0.0	0.0	0.0	0.0	0.0
6	1.663932	-0.1703935	11.979	0	0	89	0.016079	0.039611	0.123163	1.335169	-3.968047	-1.212753
6	1.663932	-1.095291	11.979	0	0	-1	0.0	0.0	0.0	0.0	0.0	0.0
6	1.663932	-3.399101	11.979	0	0	-1	0.0	0.0	0.0	0.0	0.0	0.0
6	1.526572	-2.242667	11.979	0	0	-1	0.0	0.0	0.0	0.0	0.0	0.0
6	1.526572	-3.316453	11.979	0	0	-1	0.0	0.0	0.0	0.0	0.0	0.0
6	1.526572	-4.24135	11.979	0	0	146	0.169406	-0.332771	10.838712	1.335169	-3.968047	-1.212753
6	1.441773	-4.184893	11.979	0	0	147	0.065308	-0.111978	7.002544	1.335169	-3.968047	-1.212753
6	1.135502	1.107919	11.979	0	0	-1	0.0	0.0	0.0	0.0	0.0	0.0
6	1.135502	-2.613981	11.979	0	0	65	-0.040308	0.340375	3.285329	1.335169	-3.968047	-1.212753
6	1.008053	-1.811149	11.979	0	0	357	-0.001623	0.163322	0.823988	1.122949	-3.854979	1.931357
6	0.9315621	-3.563069	11.979	0	0	137	-0.054391	0.085242	2.048832	1.335169	-3.968047	-1.212753
6	-4.930179	-1.265433	12.709	0	0	91	-0.80202	0.349215	1.8072	1.335169	-3.968047	-1.212753
6	-2.064136	-3.342313	12.709	0	0	90	-0.104342	0.020546	0.463798	1.335169	-3.968047	-1.212753
6	-0.3078396	-1.854286	12.709	0	0	361	-0.042166	0.065148	0.355706	1.122949	-3.854979	1.931357
6	-0.08120373	-0.0251021	12.709	0	0	434	-0.041708	0.084241	0.256727	2.46635	-4.257061	0.058943
6	0.5149058	1.434347	12.709	0	0	-1	0.0	0.0	0.0	0.0	0.0	0.0
6	0.5149058	0.9522744	12.709	0	0	-1	0.0	0.0	0.0	0.0	0.0	0.0
6	0.5149058	-3.704318	12.709	0	0	2	-0.441662	0.144674	7.52938	1.335169	-3.968047	-1.212753
6	0.6640235	1.009543	12.709	0	0	-1	0.0	0.0	0.0	0.0	0.0	0.0
6	0.6640235	-1.981009	12.709	0	0	-1	0.0	0.0	0.0	0.0	0.0	0.0
6	0.6640235	-2.463082	12.709	0	0	62	-0.197542	0.462589	4.271828	1.335169	-3.968047	-1.212753
6	0.7058145	1.345461	12.709	0	0	-1	0.0	0.0	0.0	0.0	0.0	0.0
6	0.7058145	0.05237133	12.709	0	0	-1	0.0	0.0	0.0	0.0	0.0	0.0
6	0.7058145	-2.93818	12.709	0	0	1	-0.187329	0.343806	4.362713	1.335169	-3.968047	-1.212753
6	0.7058145	-3.420253	12.709	0	0	-1	0.0	0.0	0.0	0.0	0.0	0.0
6	0.7640231	0.01226637	12.709	0	0	-1	0.0	0.0	0.0	0.0	0.0	0.0
6	0.7640231	-1.280823	12.709	0	0	114	-0.173356	0.85812	4.452912	1.335169	-3.968047	-1.212753
6	0.7640231	-4.271375	12.709	0	0	-1	0.0	0.0	0.0	0.0	0.0	0.0
6	0.9111887	-3.358382	12.709	0	0	137	-0.053824	0.085384	2.048759	1.335169	-3.968047	-1.212753
6	4.7303	-5.479038	12.709	0	0	73	0.228058	-0.096493	0.903421	1.335169	-3.968047	-1.212753
6	2.286765	-6.449352	12.709	0	0	-1	0.0	0.0	0.0	0.0	0.0	0.0
6	2.286765	-5.020256	12.709	0	0	139	0.119735	-0.121866	1.59613	1.335169	-3.968047	-1.212753
6	2.259686	-5.829149	12.709	0	0	368	0.087976	-0.137461	0.746788	1.122949	-3.854979	1.931357
6	0.9878103	-8.726817	12.709	0	0	-1	0.0	0.0	0.0	0.0	0.0	0.0
6	0.9878103	-6.827541	12.709	0	0	364	0.000282	-0.119452	0.435484	1.122949	-3.854979	1.931357
6	0.8373148	-5.279903	12.709	0	0	32	-0.075908	-0.217719	2.393407	1.335169	-3.968047	-1.212753
6	-1.259459	-8.757207	11.979	0	0	123	-0.271199	-0.518098	1.427976	1.335169	-3.968047	-1.212753
6	-1.180619	-6.951468	11.979	0	0	16	-0.169643	-0.211199	0.939497	1.335169	-3.968047	-1.212753
6	6.215804	-3.908501	15.249	0	1	117	0.112136	0.004118	0.337058	1.335169	-3.968047	-1.212753
6	5.582638	1.416668	15.249	0	1	-1	0.0	0.0	0.0	0.0	0.0	0.0
6	5.582638	0.1573797	15.249	0	1	447	0.054593	0.044381	0.098977	1.060594	-3.888001	5.736525
6	5.582638	-0.8357253	15.249	0	1	-1	0.0	0.0	0.0	0.0	0.0	0.0
6	5.393714	-2.910389	15.249	0	1	11	0.387074	0.098533	1.519497	1.335169	-3.968047	-1.212753
6	5.393714	-4.169677	15.249	0	1	-1	0.0	0.0	0.0	0.0	0.0	0.0
6	5.378814	-3.251666	15.249	0	1	-1	0.0	0.0	0.0	0.0	0.0	0.0
6	4.077802	-1.302109	15.249	0	1	12	0.130162	0.115754	0.699789	1.335169	-3.968047	-1.212753
6	2.663185	-0.8601835	15.249	0	1	-1	0.0	0.0	0.0	0.0	0.0	0.0
6	2.663185	-2.545211	15.249	0	1	13	0.186668	0.191247	2.161994	1.335169	-3.968047	-1.212753
6	2.663185	-4.125017	15.249	0	1	-1	0.0	0.0	0.0	0.0	0.0	0.0
6	2.574874	-2.882833	15.249	0	1	-1	0.0	0.0	0.0	0.0	0.0	0.0
6	2.093304	0.861016	15.249	0	1	112	0.058418	0.297209	1.011554	1.335169	-3.968047	-1.212753
6	1.824497	1.387569	15.249	0	1	-1	0.0	0.0	0.0	0.0	0.0	0.0
6	1.824497	-2.80266	15.249	0	1	104	0.039388	0.061856	0.845871	1.335169	-3.968047	-1.212753
6	1.580888	-1.769242	15.249	0	1	-1	0.0	0.0	0.0	0.0	0.0	0.0
6	1.580888	-4.191988	15.249	0	1	29	0.063614	-0.043361	3.482715	1.335169	-3.968047	-1.212753
6	1.473365	-4.231939	15.249	0	1	147	0.070308	-0.110584	7.002439	1.335169	-3.968047	-1.212753
6	1.097022	0.6838979	15.249	0	1	-1	0.0	0.0	0.0	0.0	0.0	0.0
6	1.097022	-2.280824	15.249	0	1	65	-0.036241	0.340311	3.285288	1.335169	-3.968047	-1.212753
6	1.007088	0.3774007	15.249	0	1	-1	0.0	0.0	0.0	0.0	0.0	0.0
6	1.007088	-1.375927	15.249	0	1	357	0.004294	0.162605	0.822717	1.122949	-3.854979	1.931357
6	0.8479738	-3.26692	15.249	0	1	137	-0.049972	0.085024	2.048718	1.335169	-3.968047	-1.212753
6	0.758491	1.155932	15.249	0	1	-1	0.0	0.0	0.0	0.0	0.0	0.0
6	0.6666925	0.5632026	15.249	0	1	-1	0.0	0.0	0.0	0.0	0.0	0.0
6	0.6666925	-0.9465997	15.249	0	1	114	-0.169192	0.858377	4.452932	1.335169	-3.968047	-1.212753
6	0.5978947	1.644839	15.249	0	1	-1	0.0	0.0	0.0	0.0	0.0	0.0
6	0.5978947	-1.012527	15.249	0	1	-1	0.0	0.0	0.0	0.0	0.0	0.0
6	0.5978947	-2.522329	15.249	0	1	1	-0.184293	0.344155	4.36273	1.335169	-3.968047	-1.212753
6	0.5469384	0.477747	15.249	0	1	-1	0.0	0.0	0.0	0.0	0.0	0.0
6	0.5469384	-2.179619	15.249	0	1	62	-0.193762	0.463685	4.271782	1.335169	-3.968047	-1.212753
6	0.5469384	-3.689421	15.249	0	1	-1	0.0	0.0	0.0	0.0	0.0	0.0
6	0.3667565	-3.649096	15.249	0	1	2	-0.437159	0.144571	7.529558	1.335169	-3.968047	-1.212753
6	6.215804	-8.157688	15.249	0	1	68	0.079685	-0.07884	0.30733	1.335169	-3.968047	-1.212753
6	5.393714	-5.329616	15.249	0	1	-1	0.0	0.0	0.0	0.0	0.0	0.0
6	5.378814	-4.677788	15.249	0	1	-1	0.0	0.0	0.0	0.0	0.0	0.0
6	5.378814	-5.670894	15.249	0	1	73	0.23152	-0.096378	0.902316	1.335169	-3.968047	-1.212753
6	2.574874	-4.734694	15.249	0	1	-1	0.0	0.0	0.0	0.0	0.0	0.0
6	2.574874	-6.3145	15.249	0	1	368	0.09295	-0.136781	0.742548	1.122949	-3.854979	1.931357
6	2.480342	-5.214799	15.249	0	1	139	0.123459	-0.121879	1.595756	1.335169	-3.968047	-1.212753
6	2.480342	-6.899826	15.249	0	1	-1	0.0	0.0	0.0	0.0	0.0	0.0
6	2.480342	-8.479632	15.249	0	1	-1	0.0	0.0	0.0	0.0	0.0	0.0
6	1.824497	-5.462503	15.249	0	1	-1	0.0	0.0	0.0	0.0	0.0	0.0
6	1.580888	-8.54905	15.249	0	1	-1	0.0	0.0	0.0	0.0	0.0	0.0
6	1.473365	-6.821518	15.249	0	1	-1	0.0	0.0	0.0	0.0	0.0	0.0
6	1.097022	-5.347545	15.249	0	1	-1	0.0	0.0	0.0	0.0	0.0	0.0
6	1.007088	-7.407369	15.249	0	1	364	0.004442	-0.11927	0.434555	1.122949	-3.854979	1.931357
6	0.8479738	-5.187081	15.249	0	1	-1	0.0	0.0	0.0	0.0	0.0	0.0
6	0.8479738	-8.151803	15.249	0	1	-1	0.0	0.0	0.0	0.0	0.0	0.0
6	0.758491	-5.483247	15.249	0	1	32	-0.071733	-0.217872	2.393407	1.335169	-3.968047	-1.212753
6	0.758491	-7.236575	15.249	0	1	-1	0.0	0.0	0.0	0.0	0.0	0.0
6	0.758491	-10.2013	15.249	0	1	-1	0.0	0.0	0.0	0.0	0.0	0.0
6	0.6666925	-7.585779	15.249	0	1	-1	0.0	0.0	0.0	0.0	0.0	0.0
6	0.6666925	-9.339107	15.249	0	1	-1	0.0	0.0	0.0	0.0	0.0	0.0
6	0.5978947	-9.161509	15.249	0	1	-1	0.0	0.0	0.0	0.0	0.0	0.0
6	0.5469384	-10.3286	15.249	0	1	-1	0.0	0.0	0.0	0.0	0.0	0.0
6	0.3667565	-6.473296	15.249	0	1	-1	0.0	0.0	0.0	0.0	0.0	0.0
6	0.3667565	-7.983099	15.249	0	1	-1	0.0	0.0	0.0	0.0	0.0	0.0
6	-3.769844	-2.496269	15.979	0	1	450	-0.123379	0.038531	0.282158	1.060594	-3.888001	5.736525
6	-2.76904	-3.232492	15.979	0	1	90	-0.097685	0.021341	0.464386	1.335169	-3.968047	-1.212753
6	-2.010644	-4.818874	15.979	0	1	-1	0.0	0.0	0.0	0.0	0.0	0.0
6	-0.6372548	-1.238738	15.979	0	1	361	-0.033179	0.06595	0.354641	1.122949	-3.854979	1.931357
6	-0.5905531	1.053576	15.979	0	1	434	-0.037317	0.083013	0.254032	2.46635	-4.257061	0.058943
6	-0.5905531	-2.308382	15.979	0	1	-1	0.0	0.0	0.0	0.0	0.0	0.0
6	0.3243733	-3.598002	15.979	0	1	2	-0.43565	0.144776	7.529428	1.335169	-3.968047	-1.212753
6	-2.010644	-10.21093	15.979	0	1	123	-0.265508	-0.518036	1.428866	1.335169	-3.968047	-1.212753
6	-1.88448	-7.875345	15.979	0	1	16	-0.16274	-0.210627	0.9406	1.335169	-3.968047	-1.212753
6	12.26701	4.891556	25.129	0	2	447	0.070767	0.04445	0.087644	1.060594	-3.888001	5.736525
6	11.47351	4.018322	25.129	0	2	85	0.395118	0.293759	0.96163	1.335169	-3.968047	-1.212753
6	10.16783	5.691153	25.129	0	2	-1	0.0	0.0	0.0	0.0	0.0	0.0
6	8.707355	4.084015	25.129	0	2	373	-0.003921	0.011195	-0.044081	0.467004	-5.212479	4.667065
6	10.16783	-3.810513	25.129	0	2	433	0.12025	0.003992	0.322901	2.46635	-4.257061	0.058943
6	9.766205	-3.674505	25.129	0	2	117	0.127576	0.003509	0.331405	1.335169	-3.968047	-1.212753
6	7.956933	-2.209923	25.129	0	2	11	0.401055	0.099466	1.515684	1.335169	-3.968047	-1.212753
6	2.623766	6.115675	23.599	0	2	-1	0.0	0.0	0.0	0.0	0.0	0.0
6	2.623766	3.332279	23.599	0	2	112	0.070614	0.295302	1.01088	1.335169	-3.968047	-1.212753
6	1.020951	5.334085	23.599	0	2	-1	0.0	0.0	0.0	0.0	0.0	0.0
6	5.718695	0.09860205	23.599	0	2	12	0.142937	0.117312	0.696653	1.335169	-3.968047	-1.212753
6	3.410779	-1.795084	23.599	0	2	13	0.199591	0.191426	2.160683	1.335169	-3.968047	-1.212753
6	2.270708	-2.137526	23.599	0	2	104	0.05153	0.062295	0.845068	1.335169	-3.968047	-1.212753
6	1.750231	-0.2167659	23.599	0	2	-1	0.0	0.0	0.0	0.0	0.0	0.0
6	1.750231	-4.292824	23.599	0	2	29	0.076513	-0.04274	3.482329	1.335169	-3.968047	-1.212753
6	1.569043	-4.366649	23.599	0	2	147	0.086436	-0.114856	7.00206	1.335169	-3.968047	-1.212753
6	1.132953	1.131339	23.599	0	2	-1	0.0	0.0	0.0	0.0	0.0	0.0
6	1.132953	0.4544952	23.599	0	2	357	0.017718	0.165475	0.82158	1.122949	-3.854979	1.931357
6	1.020951	-1.433916	23.599	0	2	65	-0.02333	0.339853	3.285338	1.335169	-3.968047	-1.212753
6	1.020951	-2.110759	23.599	0	2	-1	0.0	0.0	0.0	0.0	0.0	0.0
6	0.6674805	-2.928559	23.599	0	2	137	-0.038233	0.085408	2.048831	1.335169	-3.968047	-1.212753
6	-0.1848009	7.20943	24.909	0	2	-1	0.0	0.0	0.0	0.0	0.0	0.0
6	-0.1848009	6.084284	24.909	0	2	-1	0.0	0.0	0.0	0.0	0.0	0.0
6	0.1219702	5.672667	24.909	0	2	-1	0.0	0.0	0.0	0.0	0.0	0.0
6	0.2060709	3.746443	24.909	0	2	-1	0.0	0.0	0.0	0.0	0.0	0.0
6	-4.507349	-2.819648	24.909	0	2	90	-0.083186	0.020833	0.466224	1.335169	-3.968047	-1.212753
6	-1.396214	0.5232798	24.909	0	2	361	-0.023502	0.069466	0.352823	1.122949	-3.854979	1.931357
6	-0.1848009	-3.497233	24.909	0	2	2	-0.423428	0.145716	7.529981	1.335169	-3.968047	-1.212753
6	0.1219702	0.0163834	24.909	0	2	-1	0.0	0.0	0.0	0.0	0.0	0.0
6	0.1219702	-1.108763	24.909	0	2	62	-0.180319	0.462854	4.271947	1.335169	-3.968047	-1.212753
6	0.2060709	-1.90984	24.909	0	2	1	-0.169508	0.342948	4.363316	1.335169	-3.968047	-1.212753
6	0.2060709	-3.034986	24.909	0	2	-1	0.0	0.0	0.0	0.0	0.0	0.0
6	0.3161026	1.05947	24.909	0	2	114	-0.154312	0.8579	4.453379	1.335169	-3.968047	-1.212753
6	0.3161026	-4.429979	24.909	0	2	-1	0.0	0.0	0.0	0.0	0.0	0.0
6	-9.612759	0.7878559	23.379	0	2	91	-0.786357	0.34968	1.813772	1.335169	-3.968047	-1.212753
6	10.82025	-7.915262	23.869	0	2	8	0.436955	-0.175563	1.095144	1.335169	-3.968047	-1.212753
6	7.64459	-6.654548	23.869	0	2	73	0.243404	-0.097255	0.898836	1.335169	-3.968047	-1.212753
6	3.972027	-8.136832	25.399	0	2	368	0.109396	-0.133005	0.736608	1.122949	-3.854979	1.931357
6	3.972027	-4.968923	25.399	0	2	15	0.073642	-0.033008	0.92855	1.335169	-3.968047	-1.212753
6	3.315406	-5.990479	25.399	0	2	139	0.138926	-0.122133	1.594372	1.335169	-3.968047	-1.212753
6	1.750501	-4.799554	25.399	0	2	146	0.187254	-0.331531	10.838079	1.335169	-3.968047	-1.212753
6	1.254044	-10.39162	25.399	0	2	364	0.017696	-0.12166	0.432121	1.122949	-3.854979	1.931357
6	0.4855525	-6.406795	25.399	0	2	32	-0.05767	-0.217607	2.393546	1.335169	-3.968047	-1.212753
6	-3.231144	-9.6782	24.089	0	2	16	-0.15061	-0.209151	0.942696	1.335169	-3.968047	-1.212753
6	-3.231144	-7.14049	24.089	0	2	-1	0.0	0.0	0.0	0.0	0.0	0.0
6	-3.487088	-15.70713	24.089	0	2	-1	0.0	0.0	0.0	0.0	0.0	0.0
6	-3.487088	-13.16942	24.089	0	2	123	-0.25462	-0.518823	1.430393	1.335169	-3.968047	-1.212753
6	44.075	15.34867	39.852	1	0	-1	0.0	0.0	0.0	0.0	0.0	0.0
6	44.075	14.51257	39.852	1	0	-1	0.0	0.0	0.0	0.0	0.0	0.0
6	44.075	4.43246	39.852	1	0	-1	0.0	0.0	0.0	0.0	0.0	0.0
6	44.075	2.828533	39.852	1	0	-1	0.0	0.0	0.0	0.0	0.0	0.0
6	44.075	1.609869	39.852	1	0	-1	0.0	0.0	0.0	0.0	0.0	0.0
6	44.075	0.9532863	39.852	1	0	-1	0.0	0.0	0.0	0.0	0.0	0.0
6	44.075	-1.656736	39.852	1	0	-1	0.0	0.0	0.0	0.0	0.0	0.0
6	44.075	-4.133345	39.852	1	0	-1	0.0	0.0	0.0	0.0	0.0	0.0
6	44.075	-4.889795	39.852	1	0	-1	0.0	0.0	0.0	0.0	0.0	0.0
6	43.66978	16.86097	39.852	1	0	-1	0.0	0.0	0.0	0.0	0.0	0.0
6	43.66978	16.02487	39.852	1	0	-1	0.0	0.0	0.0	0.0	0.0	0.0
6	43.66978	5.944757	39.852	1	0	-1	0.0	0.0	0.0	0.0	0.0	0.0
6	43.66978	4.340828	39.852	1	0	-1	0.0	0.0	0.0	0.0	0.0	0.0
6	43.66978	3.122165	39.852	1	0	-1	0.0	0.0	0.0	0.0	0.0	0.0
6	43.66978	2.465582	39.852	1	0	-1	0.0	0.0	0.0	0.0	0.0	0.0
6	43.66978	-0.1444401	39.852	1	0	-1	0.0	0.0	0.0	0.0	0.0	0.0
6	43.66978	-2.621049	39.852	1	0	-1	0.0	0.0	0.0	0.0	0.0	0.0
6	43.66978	-3.377499	39.852	1	0	-1	0.0	0.0	0.0	0.0	0.0	0.0
6	43.3331	18.11747	39.852	1	0	-1	0.0	0.0	0.0	0.0	0.0	0.0
6	43.3331	17.28138	39.852	1	0	-1	0.0	0.0	0.0	0.0	0.0	0.0
6	43.3331	7.201262	39.852	1	0	-1	0.0	0.0	0.0	0.0	0.0	0.0
6	43.3331	5.597334	39.852	1	0	-1	0.0	0.0	0.0	0.0	0.0	0.0
6	43.3331	4.37867	39.852	1	0	249	1.061488	0.234198	0.952708	19.189999	-1.171902	17.390135
6	43.3331	3.722088	39.852	1	0	-1	0.0	0.0	0.0	0.0	0.0	0.0
6	43.3331	1.112066	39.852	1	0	-1	0.0	0.0	0.0	0.0	0.0	0.0
6	43.3331	-1.364543	39.852	1	0	-1	0.0	0.0	0.0	0.0	0.0	0.0
6	43.3331	-2.120993	39.852	1	0	-1	0.0	0.0	0.0	0.0	0.0	0.0
6	42.87198	19.83841	39.852	1	0	-1	0.0	0.0	0.0	0.0	0.0	0.0
6	42.87198	19.00231	39.852	1	0	-1	0.0	0.0	0.0	0.0	0.0	0.0
6	42.87198	8.922197	39.852	1	0	-1	0.0	0.0	0.0	0.0	0.0	0.0
6	42.87198	7.31827	39.852	1	0	-1	0.0	0.0	0.0	0.0	0.0	0.0
6	42.87198	6.099606	39.852	1	0	-1	0.0	0.0	0.0	0.0	0.0	0.0
6	42.87198	5.443023	39.852	1	0	-1	0.0	0.0	0.0	0.0	0.0	0.0
6	42.87198	2.833001	39.852	1	0	-1	0.0	0.0	0.0	0.0	0.0	0.0
6	42.87198	0.3563924	39.852	1	0	-1	0.0	0.0	0.0	0.0	0.0	0.0
6	42.87198	-0.4000576	39.852	1	0	-1	0.0	0.0	0.0	0.0	0.0	0.0
6	42.68152	20.54922	39.852	1	0	-1	0.0	0.0	0.0	0.0	0.0	0.0
6	42.68152	19.71312	39.852	1	0	-1	0.0	0.0	0.0	0.0	0.0	0.0
6	42.68152	9.633009	39.852	1	0	-1	0.0	0.0	0.0	0.0	0.0	0.0
6	42.68152	8.029081	39.852	1	0	-1	0.0	0.0	0.0	0.0	0.0	0.0
6	42.68152	6.810418	39.852	1	0	-1	0.0	0.0	0.0	0.0	0.0	0.0
6	42.68152	6.153835	39.852	1	0	-1	0.0	0.0	0.0	0.0	0.0	0.0
6	42.68152	3.543813	39.852	1	0	-1	0.0	0.0	0.0	0.0	0.0	0.0
6	42.68152	1.067204	39.852	1	0	-1	0.0	0.0	0.0	0.0	0.0	0.0
6	42.68152	0.3107539	39.852	1	0	-1	0.0	0.0	0.0	0.0	0.0	0.0
6	42.50292	21.21576	39.852	1	0	-1	0.0	0.0	0.0	0.0	0.0	0.0
6	42.50292	20.37966	39.852	1	0	-1	0.0	0.0	0.0	0.0	0.0	0.0
6	42.50292	10.29955	39.852	1	0	-1	0.0	0.0	0.0	0.0	0.0	0.0
6	42.50292	8.695622	39.852	1	0	-1	0.0	0.0	0.0	0.0	0.0	0.0
6	42.50292	7.476958	39.852	1	0	-1	0.0	0.0	0.0	0.0	0.0	0.0
6	42.50292	6.820376	39.852	1	0	-1	0.0	0.0	0.0	0.0	0.0	0.0
6	42.50292	4.210353	39.852	1	0	-1	0.0	0.0	0.0	0.0	0.0	0.0
6	42.50292	1.733745	39.852	1	0	-1	0.0	0.0	0.0	0.0	0.0	0.0
6	42.50292	0.9772947	39.852	1	0	86	0.544372	0.057267	0.484169	1.335169	-3.968047	-1.212753
6	41.48922	24.99893	39.852	1	0	373	0.020974	0.012822	-0.04045	0.467004	-5.212479	4.667065
6	41.48922	24.16284	39.852	1	0	-1	0.0	0.0	0.0	0.0	0.0	0.0
6	41.48922	14.08272	39.852	1	0	-1	0.0	0.0	0.0	0.0	0.0	0.0
6	41.48922	12.4788	39.852	1	0	-1	0.0	0.0	0.0	0.0	0.0	0.0
6	41.48922	11.26013	39.852	1	0	-1	0.0	0.0	0.0	0.0	0.0	0.0
6	41.48922	10.60355	39.852	1	0	-1	0.0	0.0	0.0	0.0	0.0	0.0
6	41.48922	7.993527	39.852	1	0	-1	0.0	0.0	0.0	0.0	0.0	0.0
6	41.48922	5.516918	39.852	1	0	-1	0.0	0.0	0.0	0.0	0.0	0.0
6	41.48922	4.760468	39.852	1	0	-1	0.0	0.0	0.0	0.0	0.0	0.0
6	28.95718	13.61958	39.852	1	0	-1	0.0	0.0	0.0	0.0	0.0	0.0
6	28.95718	12.8734	39.852	1	0	-1	0.0	0.0	0.0	0.0	0.0	0.0
6	28.95718	11.2475	39.852	1	0	-1	0.0	0.0	0.0	0.0	0.0	0.0
6	28.95718	9.655746	39.852	1	0	-1	0.0	0.0	0.0	0.0	0.0	0.0
6	28.81785	14.13958	39.852	1	0	-1	0.0	0.0	0.0	0.0	0.0	0.0
6	28.81785	13.3934	39.852	1	0	-1	0.0	0.0	0.0	0.0	0.0	0.0
6	28.81785	11.7675	39.852	1	0	-1	0.0	0.0	0.0	0.0	0.0	0.0
6	28.81785	10.17574	39.852	1	0	-1	0.0	0.0	0.0	0.0	0.0	0.0
6	28.39083	15.73323	39.852	1	0	-1	0.0	0.0	0.0	0.0	0.0	0.0
6	28.39083	14.98705	39.852	1	0	-1	0.0	0.0	0.0	0.0	0.0	0.0
6	28.39083	13.36115	39.852	1	0	-1	0.0	0.0	0.0	0.0	0.0	0.0
6	28.39083	11.7694	39.852	1	0	-1	0.0	0.0	0.0	0.0	0.0	0.0
6	28.39083	9.253897	39.852	1	0	-1	0.0	0.0	0.0	0.0	0.0	0.0
6	28.39083	8.644784	39.852	1	0	-1	0.0	0.0	0.0	0.0	0.0	0.0
6	28.03673	17.05477	39.852	1	0	-1	0.0	0.0	0.0	0.0	0.0	0.0
6	28.03673	16.30859	39.852	1	0	-1	0.0	0.0	0.0	0.0	0.0	0.0
6	28.03673	14.68269	39.852	1	0	-1	0.0	0.0	0.0	0.0	0.0	0.0
6	28.03673	13.09093	39.852	1	0	447	0.092857	0.041889	0.064539	1.060594	-3.888001	5.736525
6	28.03673	10.57543	39.852	1	0	-1	0.0	0.0	0.0	0.0	0.0	0.0
6	28.03673	9.966319	39.852	1	0	-1	0.0	0.0	0.0	0.0	0.0	0.0
6	28.03673	9.272769	39.852	1	0	-1	0.0	0.0	0.0	0.0	0.0	0.0
6	25.32746	27.16589	39.852	1	0	-1	0.0	0.0	0.0	0.0	0.0	0.0
6	25.32746	26.41971	39.852	1	0	-1	0.0	0.0	0.0	0.0	0.0	0.0
6	25.32746	24.79381	39.852	1	0	-1	0.0	0.0	0.0	0.0	0.0	0.0
6	25.32746	23.20205	39.852	1	0	-1	0.0	0.0	0.0	0.0	0.0	0.0
6	25.32746	20.68656	39.852	1	0	-1	0.0	0.0	0.0	0.0	0.0	0.0
6	25.32746	20.07744	39.852	1	0	-1	0.0	0.0	0.0	0.0	0.0	0.0
6	25.32746	19.38389	39.852	1	0	-1	0.0	0.0	0.0	0.0	0.0	0.0
6	25.32746	16.60952	39.852	1	0	-1	0.0	0.0	0.0	0.0	0.0	0.0
6	25.1244	27.92371	39.852	1	0	-1	0.0	0.0	0.0	0.0	0.0	0.0
6	25.1244	27.17753	39.852	1	0	-1	0.0	0.0	0.0	0.0	0.0	0.0
6	25.1244	25.55163	39.852	1	0	-1	0.0	0.0	0.0	0.0	0.0	0.0
6	25.1244	23.95988	39.852	1	0	-1	0.0	0.0	0.0	0.0	0.0	0.0
6	25.1244	21.44438	39.852	1	0	-1	0.0	0.0	0.0	0.0	0.0	0.0
6	25.1244	20.83526	39.852	1	0	-1	0.0	0.0	0.0	0.0	0.0	0.0
6	25.1244	20.14171	39.852	1	0	93	0.321793	0.296013	0.481579	1.335169	-3.968047	-1.212753
6	25.1244	17.36734	39.852	1	0	-1	0.0	0.0	0.0	0.0	0.0	0.0
6	24.41475	30.57219	39.852	1	0	-1	0.0	0.0	0.0	0.0	0.0	0.0
6	24.41475	29.82601	39.852	1	0	-1	0.0	0.0	0.0	0.0	0.0	0.0
6	24.41475	28.20011	39.852	1	0	-1	0.0	0.0	0.0	0.0	0.0	0.0
6	24.41475	26.60835	39.852	1	0	-1	0.0	0.0	0.0	0.0	0.0	0.0
6	24.41475	24.09285	39.852	1	0	-1	0.0	0.0	0.0	0.0	0.0	0.0
6	24.41475	23.48374	39.852	1	0	-1	0.0	0.0	0.0	0.0	0.0	0.0
6	24.41475	22.79019	39.852	1	0	-1	0.0	0.0	0.0	0.0	0.0	0.0
6	24.41475	20.01582	39.852	1	0	-1	0.0	0.0	0.0	0.0	0.0	0.0
6	23.99898	32.12384	39.852	1	0	-1	0.0	0.0	0.0	0.0	0.0	0.0
6	23.99898	31.37766	39.852	1	0	-1	0.0	0.0	0.0	0.0	0.0	0.0
6	23.99898	29.75176	39.852	1	0	-1	0.0	0.0	0.0	0.0	0.0	0.0
6	23.99898	28.16	39.852	1	0	-1	0.0	0.0	0.0	0.0	0.0	0.0
6	23.99898	25.6445	39.852	1	0	-1	0.0	0.0	0.0	0.0	0.0	0.0
6	23.99898	25.03539	39.852	1	0	-1	0.0	0.0	0.0	0.0	0.0	0.0
6	23.99898	24.34184	39.852	1	0	-1	0.0	0.0	0.0	0.0	0.0	0.0
6	23.99898	21.56747	39.852	1	0	5	0.104365	0.086928	0.120508	1.335169	-3.968047	-1.212753
6	17.73158	8.558238	39.852	1	0	85	0.418786	0.294722	0.951017	1.335169	-3.968047	-1.212753
6	35.74766	6.014256	39.852	1	0	373	0.021645	-0.013222	-0.039426	0.467004	-5.212479	4.667065
6	35.55212	6.744045	39.852	1	0	-1	0.0	0.0	0.0	0.0	0.0	0.0
6	17.70071	8.497591	39.852	1	0	-1	0.0	0.0	0.0	0.0	0.0	0.0
6	16.08408	-3.475784	39.852	1	0	433	0.14044	0.010631	0.312055	2.46635	-4.257061	0.058943
6	11.9568	-1.271612	39.852	1	0	11	0.423736	0.098763	1.509382	1.335169	-3.968047	-1.212753
6	9.401055	8.266543	39.852	1	0	-1	0.0	0.0	0.0	0.0	0.0	0.0
6	9.401055	2.872084	39.852	1	0	12	0.169092	0.118261	0.690075	1.335169	-3.968047	-1.212753
6	6.064255	0.2623714	39.852	1	0	373	0.020321	0.011526	-0.039274	0.467004	-5.212479	4.667065
6	6.064255	-4.240659	39.852	1	0	-1	0.0	0.0	0.0	0.0	0.0	0.0
6	5.024667	4.142166	39.852	1	0	-1	0.0	0.0	0.0	0.0	0.0	0.0
6	5.024667	-0.3608644	39.852	1	0	13	0.225373	0.191881	2.157992	1.335169	-3.968047	-1.212753
6	3.979518	8.042714	39.852	1	0	112	0.096468	0.295838	1.008328	1.335169	-3.968047	-1.212753
6	3.979518	3.539684	39.852	1	0	-1	0.0	0.0	0.0	0.0	0.0	0.0
6	3.521533	5.248905	39.852	1	0	-1	0.0	0.0	0.0	0.0	0.0	0.0
6	3.521533	-1.009579	39.852	1	0	104	0.076989	0.062045	0.842826	1.335169	-3.968047	-1.212753
6	1.727685	5.685154	39.852	1	0	-1	0.0	0.0	0.0	0.0	0.0	0.0
6	1.727685	3.763545	39.852	1	0	357	0.042322	0.163624	0.820738	1.122949	-3.854979	1.931357
6	0.9746995	8.495335	39.852	1	0	-1	0.0	0.0	0.0	0.0	0.0	0.0
6	0.9746995	6.573726	39.852	1	0	-1	0.0	0.0	0.0	0.0	0.0	0.0
6	0.9746995	0.2369355	39.852	1	0	65	0.002218	0.339285	3.285357	1.335169	-3.968047	-1.212753
6	-2.393346	11.06451	39.852	1	0	-1	0.0	0.0	0.0	0.0	0.0	0.0
6	-2.393346	8.845919	39.852	1	0	434	0.001302	0.083744	0.251597	2.46635	-4.257061	0.058943
6	-5.106614	21.19056	39.852	1	0	-1	0.0	0.0	0.0	0.0	0.0	0.0
6	-5.106614	18.97197	39.852	1	0	-1	0.0	0.0	0.0	0.0	0.0	0.0
6	-5.106614	14.92917	39.852	1	0	373	0.015957	-0.002662	-0.042173	0.467004	-5.212479	4.667065
6	-7.281024	29.30557	39.852	1	0	156	-0.018007	0.186134	0.23413	1.335169	-3.968047	-1.212753
6	-7.281024	27.08698	39.852	1	0	-1	0.0	0.0	0.0	0.0	0.0	0.0
6	-7.281024	23.04418	39.852	1	0	-1	0.0	0.0	0.0	0.0	0.0	0.0
6	-7.281024	10.14604	39.852	1	0	-1	0.0	0.0	0.0	0.0	0.0	0.0
6	-8.626352	34.3264	39.852	1	0	-1	0.0	0.0	0.0	0.0	0.0	0.0
6	-8.626352	32.10781	39.852	1	0	-1	0.0	0.0	0.0	0.0	0.0	0.0
6	-8.626352	28.06502	39.852	1	0	-1	0.0	0.0	0.0	0.0	0.0	0.0
6	-8.626352	15.16688	39.852	1	0	19	-0.3133	0.662394	1.428371	1.335169	-3.968047	-1.212753
6	-8.626352	11.4292	39.852	1	0	-1	0.0	0.0	0.0	0.0	0.0	0.0
6	-9.632113	38.07996	39.852	1	0	-1	0.0	0.0	0.0	0.0	0.0	0.0
6	-9.632113	35.86137	39.852	1	0	-1	0.0	0.0	0.0	0.0	0.0	0.0
6	-9.632113	31.81857	39.852	1	0	-1	0.0	0.0	0.0	0.0	0.0	0.0
6	-9.632113	18.92043	39.852	1	0	-1	0.0	0.0	0.0	0.0	0.0	0.0
6	-9.632113	15.18275	39.852	1	0	356	-0.164546	0.344405	0.692559	1.122949	-3.854979	1.931357
6	-9.632113	11.41055	39.852	1	0	-1	0.0	0.0	0.0	0.0	0.0	0.0
6	-12.64703	30.17226	39.852	1	0	-1	0.0	0.0	0.0	0.0	0.0	0.0
6	-12.64703	26.43458	39.852	1	0	-1	0.0	0.0	0.0	0.0	0.0	0.0
6	-12.64703	22.66238	39.852	1	0	373	0.019755	-0.012676	0.040752	0.467004	-5.212479	4.667065
6	-12.64703	13.0157	39.852	1	0	-1	0.0	0.0	0.0	0.0	0.0	0.0
6	-12.89534	31.09894	39.852	1	0	-1	0.0	0.0	0.0	0.0	0.0	0.0
6	-12.89534	27.36126	39.852	1	0	-1	0.0	0.0	0.0	0.0	0.0	0.0
6	-12.89534	23.58906	39.852	1	0	-1	0.0	0.0	0.0	0.0	0.0	0.0
6	-12.89534	13.94238	39.852	1	0	107	-0.025842	0.074071	0.175932	1.335169	-3.968047	-1.212753
6	-43.00477	14.36312	39.852	1	0	118	-0.345908	0.154765	0.382584	1.335169	-3.968047	-1.212753
6	-43.00477	12.61426	39.852	1	0	-1	0.0	0.0	0.0	0.0	0.0	0.0
6	-43.51352	16.2618	39.852	1	0	-1	0.0	0.0	0.0	0.0	0.0	0.0
6	-43.51352	14.51293	39.852	1	0	-1	0.0	0.0	0.0	0.0	0.0	0.0
6	-52.59595	15.95338	39.852	1	0	-1	0.0	0.0	0.0	0.0	0.0	0.0
6	-52.59595	10.55217	39.852	1	0	9	-0.715529	0.200918	0.608009	1.335169	-3.968047	-1.212753
6	-52.59595	9.284706	39.852	1	0	-1	0.0	0.0	0.0	0.0	0.0	0.0
6	-52.59595	7.683441	39.852	1	0	-1	0.0	0.0	0.0	0.0	0.0	0.0
6	-52.59595	2.826438	39.852	1	0	-1	0.0	0.0	0.0	0.0	0.0	0.0
6	-52.95601	17.29716	39.852	1	0	-1	0.0	0.0	0.0	0.0	0.0	0.0
6	-52.95601	11.89595	39.852	1	0	-1	0.0	0.0	0.0	0.0	0.0	0.0
6	-52.95601	10.62848	39.852	1	0	-1	0.0	0.0	0.0	0.0	0.0	0.0
6	-52.95601	9.027217	39.852	1	0	-1	0.0	0.0	0.0	0.0	0.0	0.0
6	-52.95601	4.170214	39.852	1	0	-1	0.0	0.0	0.0	0.0	0.0	0.0
6	-53.18018	18.13375	39.852	1	0	-1	0.0	0.0	0.0	0.0	0.0	0.0
6	-53.18018	12.73254	39.852	1	0	-1	0.0	0.0	0.0	0.0	0.0	0.0
6	-53.18018	11.46508	39.852	1	0	-1	0.0	0.0	0.0	0.0	0.0	0.0
6	-53.18018	9.863815	39.852	1	0	-1	0.0	0.0	0.0	0.0	0.0	0.0
6	-53.18018	5.006813	39.852	1	0	-1	0.0	0.0	0.0	0.0	0.0	0.0
6	-53.45358	19.15411	39.852	1	0	370	-0.052387	0.028388	0.110283	-32.069996	10.516171	12.33928
6	-53.45358	13.7529	39.852	1	0	-1	0.0	0.0	0.0	0.0	0.0	0.0
6	-53.45358	12.48544	39.852	1	0	-1	0.0	0.0	0.0	0.0	0.0	0.0
6	-53.45358	10.88417	39.852	1	0	-1	0.0	0.0	0.0	0.0	0.0	0.0
6	-53.45358	6.027171	39.852	1	0	-1	0.0	0.0	0.0	0.0	0.0	0.0
6	-56.51937	30.5958	39.852	1	0	-1	0.0	0.0	0.0	0.0	0.0	0.0
6	-56.51937	25.19459	39.852	1	0	-1	0.0	0.0	0.0	0.0	0.0	0.0
6	-56.51937	23.92712	39.852	1	0	-1	0.0	0.0	0.0	0.0	0.0	0.0
6	-56.51937	22.32586	39.852	1	0	-1	0.0	0.0	0.0	0.0	0.0	0.0
6	-56.51937	17.46886	39.852	1	0	373	0.014955	-0.000702	0.042766	0.467004	-5.212479	4.667065
6	-70.23382	-0.5023654	39.852	1	0	373	0.007554	-0.008678	0.043425	0.467004	-5.212479	4.667065
6	-0.2085651	4.087119	39.852	1	0	114	-0.130917	0.858277	4.453921	1.335169	-3.968047	-1.212753
6	-0.2085651	-0.5731096	39.852	1	0	62	-0.156184	0.463016	4.272748	1.335169	-3.968047	-1.212753
6	-0.2085651	-1.225005	39.852	1	0	1	-0.146689	0.343403	4.363997	1.335169	-3.968047	-1.212753
6	-2.005347	6.132573	39.852	1	0	-1	0.0	0.0	0.0	0.0	0.0	0.0
6	-2.005347	5.480678	39.852	1	0	-1	0.0	0.0	0.0	0.0	0.0	0.0
6	-2.005347	3.314485	39.852	1	0	361	-0.002279	0.065838	0.352394	1.122949	-3.854979	1.931357
6	-6.926504	6.860203	39.852	1	0	373	0.019654	0.014551	0.040726	0.467004	-5.212479	4.667065
6	-6.926504	-1.93414	39.852	1	0	90	-0.06296	0.021412	0.46841	1.335169	-3.968047	-1.212753
6	-12.65302	0.7954557	39.852	1	0	450	-0.085921	0.039356	0.291475	1.060594	-3.888001	5.736525
6	-16.60405	4.157424	39.852	1	0	91	-0.760111	0.351974	1.824317	1.335169	-3.968047	-1.212753
6	-17.26527	6.625152	39.852	1	0	132	-0.242628	0.159411	0.619151	1.335169	-3.968047	-1.212753
6	-17.26527	-6.2424	39.852	1	0	-1	0.0	0.0	0.0	0.0	0.0	0.0
6	-18.3018	-2.374019	39.852	1	0	28	-0.455014	0.041052	1.032843	1.335169	-3.968047	-1.212753
6	-21.09504	8.050506	39.852	1	0	-1	0.0	0.0	0.0	0.0	0.0	0.0
6	-21.09504	2.474561	39.852	1	0	452	-0.16641	0.054119	0.311657	1.060594	-3.888001	5.736525
6	-21.09504	-3.02489	39.852	1	0	-1	0.0	0.0	0.0	0.0	0.0	0.0
6	-21.71891	4.802877	39.852	1	0	-1	0.0	0.0	0.0	0.0	0.0	0.0
6	-21.71891	-0.6965744	39.852	1	0	49	-0.631116	0.094315	1.198954	1.335169	-3.968047	-1.212753
6	-30.74082	-2.317154	39.852	1	0	351	-0.172022	0.003284	0.180278	-2.504644	-3.428557	-0.251558
6	-30.74082	-2.780892	39.852	1	0	-1	0.0	0.0	0.0	0.0	0.0	0.0
6	-30.74082	-3.582819	39.852	1	0	-1	0.0	0.0	0.0	0.0	0.0	0.0
6	-30.74082	-4.643994	39.852	1	0	-1	0.0	0.0	0.0	0.0	0.0	0.0
6	-30.74082	-5.268269	39.852	1	0	-1	0.0	0.0	0.0	0.0	0.0	0.0
6	-31.04751	-1.172549	39.852	1	0	-1	0.0	0.0	0.0	0.0	0.0	0.0
6	-31.04751	-1.636287	39.852	1	0	-1	0.0	0.0	0.0	0.0	0.0	0.0
6	-31.04751	-2.438215	39.852	1	0	-1	0.0	0.0	0.0	0.0	0.0	0.0
6	-31.04751	-3.49939	39.852	1	0	-1	0.0	0.0	0.0	0.0	0.0	0.0
6	-31.04751	-4.123664	39.852	1	0	-1	0.0	0.0	0.0	0.0	0.0	0.0
6	-31.31714	-0.1662799	39.852	1	0	-1	0.0	0.0	0.0	0.0	0.0	0.0
6	-31.31714	-0.6300178	39.852	1	0	-1	0.0	0.0	0.0	0.0	0.0	0.0
6	-31.31714	-1.431945	39.852	1	0	-1	0.0	0.0	0.0	0.0	0.0	0.0
6	-31.31714	-2.49312	39.852	1	0	-1	0.0	0.0	0.0	0.0	0.0	0.0
6	-31.31714	-3.117394	39.852	1	0	-1	0.0	0.0	0.0	0.0	0.0	0.0
6	-31.47814	0.4345897	39.852	1	0	-1	0.0	0.0	0.0	0.0	0.0	0.0
6	-31.47814	-0.0291483	39.852	1	0	-1	0.0	0.0	0.0	0.0	0.0	0.0
6	-31.47814	-0.8310758	39.852	1	0	-1	0.0	0.0	0.0	0.0	0.0	0.0
6	-31.47814	-1.892251	39.852	1	0	-1	0.0	0.0	0.0	0.0	0.0	0.0
6	-31.47814	-2.516525	39.852	1	0	-1	0.0	0.0	0.0	0.0	0.0	0.0
6	3.70489	8.770239	65.285	1	1	357	0.084295	0.163622	0.817361	1.122949	-3.854979	1.931357
6	6.973801	20.96998	65.285	1	1	-1	0.0	0.0	0.0	0.0	0.0	0.0
6	6.973801	15.5798	65.285	1	1	112	0.138497	0.296365	1.003165	1.335169	-3.968047	-1.212753
6	29.63617	16.50381	65.285	1	1	85	0.460644	0.294821	0.93133	1.335169	-3.968047	-1.212753
6	43.33886	34.51681	65.285	1	1	-1	0.0	0.0	0.0	0.0	0.0	0.0
6	43.33886	33.98891	65.285	1	1	-1	0.0	0.0	0.0	0.0	0.0	0.0
6	43.81952	36.31062	65.285	1	1	-1	0.0	0.0	0.0	0.0	0.0	0.0
6	43.81952	35.78273	65.285	1	1	-1	0.0	0.0	0.0	0.0	0.0	0.0
6	44.01586	37.04338	65.285	1	1	-1	0.0	0.0	0.0	0.0	0.0	0.0
6	44.01586	36.51549	65.285	1	1	93	0.363868	0.297502	0.449324	1.335169	-3.968047	-1.212753
6	72.1325	9.913157	65.285	1	1	-1	0.0	0.0	0.0	0.0	0.0	0.0
6	72.1325	8.702188	65.285	1	1	-1	0.0	0.0	0.0	0.0	0.0	0.0
6	72.1325	8.06743	65.285	1	1	-1	0.0	0.0	0.0	0.0	0.0	0.0
6	72.1325	7.052816	65.285	1	1	-1	0.0	0.0	0.0	0.0	0.0	0.0
6	72.1325	1.289943	65.285	1	1	-1	0.0	0.0	0.0	0.0	0.0	0.0
6	72.1325	0.1298936	65.285	1	1	-1	0.0	0.0	0.0	0.0	0.0	0.0
6	72.1325	-1.199837	65.285	1	1	-1	0.0	0.0	0.0	0.0	0.0	0.0
6	72.1325	-2.084	65.285	1	1	-1	0.0	0.0	0.0	0.0	0.0	0.0
6	72.1325	-2.694526	65.285	1	1	-1	0.0	0.0	0.0	0.0	0.0	0.0
6	72.31818	10.60615	65.285	1	1	-1	0.0	0.0	0.0	0.0	0.0	0.0
6	72.31818	9.395178	65.285	1	1	-1	0.0	0.0	0.0	0.0	0.0	0.0
6	72.31818	8.760422	65.285	1	1	-1	0.0	0.0	0.0	0.0	0.0	0.0
6	72.31818	7.745806	65.285	1	1	-1	0.0	0.0	0.0	0.0	0.0	0.0
6	72.31818	1.982934	65.285	1	1	-1	0.0	0.0	0.0	0.0	0.0	0.0
6	72.31818	0.8228842	65.285	1	1	-1	0.0	0.0	0.0	0.0	0.0	0.0
6	72.31818	-0.5068462	65.285	1	1	-1	0.0	0.0	0.0	0.0	0.0	0.0
6	72.31818	-1.391009	65.285	1	1	-1	0.0	0.0	0.0	0.0	0.0	0.0
6	72.31818	-2.001535	65.285	1	1	-1	0.0	0.0	0.0	0.0	0.0	0.0
6	72.65157	11.85033	65.285	1	1	-1	0.0	0.0	0.0	0.0	0.0	0.0
6	72.65157	10.63936	65.285	1	1	-1	0.0	0.0	0.0	0.0	0.0	0.0
6	72.65157	10.00461	65.285	1	1	-1	0.0	0.0	0.0	0.0	0.0	0.0
6	72.65157	8.989993	65.285	1	1	-1	0.0	0.0	0.0	0.0	0.0	0.0
6	72.65157	3.22712	65.285	1	1	-1	0.0	0.0	0.0	0.0	0.0	0.0
6	72.65157	2.067071	65.285	1	1	-1	0.0	0.0	0.0	0.0	0.0	0.0
6	72.65157	0.7373406	65.285	1	1	-1	0.0	0.0	0.0	0.0	0.0	0.0
6	72.65157	-0.1468224	65.285	1	1	-1	0.0	0.0	0.0	0.0	0.0	0.0
6	72.65157	-0.7573487	65.285	1	1	-1	0.0	0.0	0.0	0.0	0.0	0.0
6	72.82453	12.49584	65.285	1	1	-1	0.0	0.0	0.0	0.0	0.0	0.0
6	72.82453	11.28487	65.285	1	1	-1	0.0	0.0	0.0	0.0	0.0	0.0
6	72.82453	10.65012	65.285	1	1	249	1.10041	0.234	0.90736	19.189999	-1.171902	17.390135
6	72.82453	9.635504	65.285	1	1	-1	0.0	0.0	0.0	0.0	0.0	0.0
6	72.82453	3.872631	65.285	1	1	-1	0.0	0.0	0.0	0.0	0.0	0.0
6	72.82453	2.712582	65.285	1	1	-1	0.0	0.0	0.0	0.0	0.0	0.0
6	72.82453	1.382851	65.285	1	1	-1	0.0	0.0	0.0	0.0	0.0	0.0
6	72.82453	0.4986883	65.285	1	1	-1	0.0	0.0	0.0	0.0	0.0	0.0
6	72.82453	-0.111838	65.285	1	1	-1	0.0	0.0	0.0	0.0	0.0	0.0
6	73.10718	13.55071	65.285	1	1	-1	0.0	0.0	0.0	0.0	0.0	0.0
6	73.10718	12.33974	65.285	1	1	-1	0.0	0.0	0.0	0.0	0.0	0.0
6	73.10718	11.70498	65.285	1	1	-1	0.0	0.0	0.0	0.0	0.0	0.0
6	73.10718	10.69037	65.285	1	1	-1	0.0	0.0	0.0	0.0	0.0	0.0
6	73.10718	4.927496	65.285	1	1	-1	0.0	0.0	0.0	0.0	0.0	0.0
6	73.10718	3.767447	65.285	1	1	-1	0.0	0.0	0.0	0.0	0.0	0.0
6	73.10718	2.437717	65.285	1	1	-1	0.0	0.0	0.0	0.0	0.0	0.0
6	73.10718	1.553554	65.285	1	1	-1	0.0	0.0	0.0	0.0	0.0	0.0
6	73.10718	0.9430274	65.285	1	1	-1	0.0	0.0	0.0	0.0	0.0	0.0
6	73.54232	15.17466	65.285	1	1	-1	0.0	0.0	0.0	0.0	0.0	0.0
6	73.54232	13.96369	65.285	1	1	-1	0.0	0.0	0.0	0.0	0.0	0.0
6	73.54232	13.32894	65.285	1	1	-1	0.0	0.0	0.0	0.0	0.0	0.0
6	73.54232	12.31432	65.285	1	1	-1	0.0	0.0	0.0	0.0	0.0	0.0
6	73.54232	6.55145	65.285	1	1	-1	0.0	0.0	0.0	0.0	0.0	0.0
6	73.54232	5.391401	65.285	1	1	-1	0.0	0.0	0.0	0.0	0.0	0.0
6	73.54232	4.06167	65.285	1	1	-1	0.0	0.0	0.0	0.0	0.0	0.0
6	73.54232	3.177507	65.285	1	1	-1	0.0	0.0	0.0	0.0	0.0	0.0
6	73.54232	2.566981	65.285	1	1	-1	0.0	0.0	0.0	0.0	0.0	0.0
6	73.77345	16.03728	65.285	1	1	-1	0.0	0.0	0.0	0.0	0.0	0.0
6	73.77345	14.82631	65.285	1	1	-1	0.0	0.0	0.0	0.0	0.0	0.0
6	73.77345	14.19156	65.285	1	1	-1	0.0	0.0	0.0	0.0	0.0	0.0
6	73.77345	13.17694	65.285	1	1	-1	0.0	0.0	0.0	0.0	0.0	0.0
6	73.77345	7.414067	65.285	1	1	-1	0.0	0.0	0.0	0.0	0.0	0.0
6	73.77345	6.254017	65.285	1	1	-1	0.0	0.0	0.0	0.0	0.0	0.0
6	73.77345	4.924287	65.285	1	1	-1	0.0	0.0	0.0	0.0	0.0	0.0
6	73.77345	4.040124	65.285	1	1	86	0.581807	0.054774	0.438483	1.335169	-3.968047	-1.212753
6	73.77345	3.429598	65.285	1	1	-1	0.0	0.0	0.0	0.0	0.0	0.0
6	73.93974	16.65787	65.285	1	1	-1	0.0	0.0	0.0	0.0	0.0	0.0
6	73.93974	15.4469	65.285	1	1	-1	0.0	0.0	0.0	0.0	0.0	0.0
6	73.93974	14.81214	65.285	1	1	-1	0.0	0.0	0.0	0.0	0.0	0.0
6	73.93974	13.79753	65.285	1	1	-1	0.0	0.0	0.0	0.0	0.0	0.0
6	73.93974	8.034657	65.285	1	1	-1	0.0	0.0	0.0	0.0	0.0	0.0
6	73.93974	6.874607	65.285	1	1	-1	0.0	0.0	0.0	0.0	0.0	0.0
6	73.93974	5.544877	65.285	1	1	-1	0.0	0.0	0.0	0.0	0.0	0.0
6	73.93974	4.660714	65.285	1	1	-1	0.0	0.0	0.0	0.0	0.0	0.0
6	73.93974	4.050188	65.285	1	1	-1	0.0	0.0	0.0	0.0	0.0	0.0
6	1.149137	2.860993	65.285	1	1	65	0.044159	0.340068	3.284824	1.335169	-3.968047	-1.212753
6	1.149137	-0.6662793	65.285	1	1	-1	0.0	0.0	0.0	0.0	0.0	0.0
6	3.658597	8.699153	65.285	1	1	-1	0.0	0.0	0.0	0.0	0.0	0.0
6	6.49097	0.8856716	65.285	1	1	104	0.118595	0.061969	0.837943	1.335169	-3.968047	-1.212753
6	6.49097	-3.435273	65.285	1	1	-1	0.0	0.0	0.0	0.0	0.0	0.0
6	7.920766	6.221743	65.285	1	1	-1	0.0	0.0	0.0	0.0	0.0	0.0
6	7.920766	1.900799	65.285	1	1	13	0.267196	0.19187	2.153167	1.335169	-3.968047	-1.212753
6	16.4759	7.256828	65.285	1	1	12	0.211749	0.11897	0.677855	1.335169	-3.968047	-1.212753
6	19.4804	0.3790576	65.285	1	1	11	0.465295	0.098347	1.497064	1.335169	-3.968047	-1.212753
6	29.85974	-2.511123	65.285	1	1	433	0.181386	0.009739	0.289062	2.46635	-4.257061	0.058943
6	29.85974	-3.744989	65.285	1	1	-1	0.0	0.0	0.0	0.0	0.0	0.0
6	29.85974	-4.337555	65.285	1	1	-1	0.0	0.0	0.0	0.0	0.0	0.0
6	30.11794	-1.547541	65.285	1	1	-1	0.0	0.0	0.0	0.0	0.0	0.0
6	30.11794	-2.781407	65.285	1	1	-1	0.0	0.0	0.0	0.0	0.0	0.0
6	30.11794	-3.373973	65.285	1	1	117	0.191167	0.002072	0.29905	1.335169	-3.968047	-1.212753
6	-80.69422	18.61514	65.285	1	1	9	-0.678208	0.198174	0.650028	1.335169	-3.968047	-1.212753
6	-80.69422	17.07619	65.285	1	1	-1	0.0	0.0	0.0	0.0	0.0	0.0
6	-80.31904	20.01534	65.285	1	1	-1	0.0	0.0	0.0	0.0	0.0	0.0
6	-80.31904	18.47638	65.285	1	1	-1	0.0	0.0	0.0	0.0	0.0	0.0
6	-80.12893	20.72483	65.285	1	1	-1	0.0	0.0	0.0	0.0	0.0	0.0
6	-80.12893	19.18587	65.285	1	1	-1	0.0	0.0	0.0	0.0	0.0	0.0
6	-79.9375	21.43925	65.285	1	1	-1	0.0	0.0	0.0	0.0	0.0	0.0
6	-79.9375	19.9003	65.285	1	1	-1	0.0	0.0	0.0	0.0	0.0	0.0
6	-63.66922	24.12561	65.285	1	1	118	-0.305523	0.153777	0.41544	1.335169	-3.968047	-1.212753
6	-63.66922	23.38993	65.285	1	1	-1	0.0	0.0	0.0	0.0	0.0	0.0
6	-63.66922	22.45284	65.285	1	1	-1	0.0	0.0	0.0	0.0	0.0	0.0
6	-63.66922	12.84832	65.285	1	1	-1	0.0	0.0	0.0	0.0	0.0	0.0
6	-63.50196	24.74986	65.285	1	1	-1	0.0	0.0	0.0	0.0	0.0	0.0
6	-63.50196	24.01417	65.285	1	1	-1	0.0	0.0	0.0	0.0	0.0	0.0
6	-63.50196	23.07709	65.285	1	1	-1	0.0	0.0	0.0	0.0	0.0	0.0
6	-63.50196	13.47257	65.285	1	1	-1	0.0	0.0	0.0	0.0	0.0	0.0
6	-63.50196	-5.855027	65.285	1	1	-1	0.0	0.0	0.0	0.0	0.0	0.0
6	-63.25591	25.66813	65.285	1	1	-1	0.0	0.0	0.0	0.0	0.0	0.0
6	-63.25591	24.93244	65.285	1	1	-1	0.0	0.0	0.0	0.0	0.0	0.0
6	-63.25591	23.99535	65.285	1	1	-1	0.0	0.0	0.0	0.0	0.0	0.0
6	-63.25591	14.39083	65.285	1	1	-1	0.0	0.0	0.0	0.0	0.0	0.0
6	-63.25591	-4.936762	65.285	1	1	-1	0.0	0.0	0.0	0.0	0.0	0.0
6	-63.25591	-5.593506	65.285	1	1	-1	0.0	0.0	0.0	0.0	0.0	0.0
6	-62.55097	28.29899	65.285	1	1	-1	0.0	0.0	0.0	0.0	0.0	0.0
6	-62.55097	27.56331	65.285	1	1	-1	0.0	0.0	0.0	0.0	0.0	0.0
6	-62.55097	26.62622	65.285	1	1	-1	0.0	0.0	0.0	0.0	0.0	0.0
6	-62.55097	17.0217	65.285	1	1	-1	0.0	0.0	0.0	0.0	0.0	0.0
6	-62.55097	-2.305894	65.285	1	1	351	-0.211669	0.000327	0.131115	-2.504644	-3.428557	-0.251558
6	-62.55097	-2.962638	65.285	1	1	-1	0.0	0.0	0.0	0.0	0.0	0.0
6	-62.55097	-4.377896	65.285	1	1	-1	0.0	0.0	0.0	0.0	0.0	0.0
6	-62.55097	-5.78764	65.285	1	1	-1	0.0	0.0	0.0	0.0	0.0	0.0
6	-62.3516	29.04306	65.285	1	1	-1	0.0	0.0	0.0	0.0	0.0	0.0
6	-62.3516	28.30737	65.285	1	1	-1	0.0	0.0	0.0	0.0	0.0	0.0
6	-62.3516	27.37029	65.285	1	1	-1	0.0	0.0	0.0	0.0	0.0	0.0
6	-62.3516	17.76576	65.285	1	1	-1	0.0	0.0	0.0	0.0	0.0	0.0
6	-62.3516	-1.56183	65.285	1	1	-1	0.0	0.0	0.0	0.0	0.0	0.0
6	-62.3516	-2.218575	65.285	1	1	-1	0.0	0.0	0.0	0.0	0.0	0.0
6	-62.3516	-3.633832	65.285	1	1	-1	0.0	0.0	0.0	0.0	0.0	0.0
6	-62.3516	-5.043576	65.285	1	1	-1	0.0	0.0	0.0	0.0	0.0	0.0
6	-62.3516	-5.741595	65.285	1	1	-1	0.0	0.0	0.0	0.0	0.0	0.0
6	-61.95842	30.51041	65.285	1	1	-1	0.0	0.0	0.0	0.0	0.0	0.0
6	-61.95842	29.77472	65.285	1	1	-1	0.0	0.0	0.0	0.0	0.0	0.0
6	-61.95842	28.83764	65.285	1	1	-1	0.0	0.0	0.0	0.0	0.0	0.0
6	-61.95842	19.23312	65.285	1	1	-1	0.0	0.0	0.0	0.0	0.0	0.0
6	-61.95842	-0.09447888	65.285	1	1	-1	0.0	0.0	0.0	0.0	0.0	0.0
6	-61.95842	-0.7512231	65.285	1	1	-1	0.0	0.0	0.0	0.0	0.0	0.0
6	-61.95842	-2.166481	65.285	1	1	-1	0.0	0.0	0.0	0.0	0.0	0.0
6	-61.95842	-3.576225	65.285	1	1	-1	0.0	0.0	0.0	0.0	0.0	0.0
6	-61.95842	-4.274244	65.285	1	1	-1	0.0	0.0	0.0	0.0	0.0	0.0
6	-61.76058	31.24879	65.285	1	1	-1	0.0	0.0	0.0	0.0	0.0	0.0
6	-61.76058	30.5131	65.285	1	1	-1	0.0	0.0	0.0	0.0	0.0	0.0
6	-61.76058	29.57602	65.285	1	1	-1	0.0	0.0	0.0	0.0	0.0	0.0
6	-61.76058	19.97149	65.285	1	1	-1	0.0	0.0	0.0	0.0	0.0	0.0
6	-61.76058	0.643899	65.285	1	1	-1	0.0	0.0	0.0	0.0	0.0	0.0
6	-61.76058	-0.01284524	65.285	1	1	-1	0.0	0.0	0.0	0.0	0.0	0.0
6	-61.76058	-1.428103	65.285	1	1	-1	0.0	0.0	0.0	0.0	0.0	0.0
6	-61.76058	-2.837847	65.285	1	1	-1	0.0	0.0	0.0	0.0	0.0	0.0
6	-61.76058	-3.535866	65.285	1	1	-1	0.0	0.0	0.0	0.0	0.0	0.0
6	-61.57677	31.93475	65.285	1	1	-1	0.0	0.0	0.0	0.0	0.0	0.0
6	-61.57677	31.19907	65.285	1	1	-1	0.0	0.0	0.0	0.0	0.0	0.0
6	-61.57677	30.26198	65.285	1	1	-1	0.0	0.0	0.0	0.0	0.0	0.0
6	-61.57677	20.65746	65.285	1	1	-1	0.0	0.0	0.0	0.0	0.0	0.0
6	-61.57677	1.329866	65.285	1	1	-1	0.0	0.0	0.0	0.0	0.0	0.0
6	-61.57677	0.6731213	65.285	1	1	-1	0.0	0.0	0.0	0.0	0.0	0.0
6	-61.57677	-0.7421363	65.285	1	1	-1	0.0	0.0	0.0	0.0	0.0	0.0
6	-61.57677	-2.15188	65.285	1	1	-1	0.0	0.0	0.0	0.0	0.0	0.0
6	-61.57677	-2.849899	65.285	1	1	-1	0.0	0.0	0.0	0.0	0.0	0.0
6	-61.34893	32.78508	65.285	1	1	-1	0.0	0.0	0.0	0.0	0.0	0.0
6	-61.34893	32.04939	65.285	1	1	-1	0.0	0.0	0.0	0.0	0.0	0.0
6	-61.34893	31.11231	65.285	1	1	-1	0.0	0.0	0.0	0.0	0.0	0.0
6	-61.34893	21.50779	65.285	1	1	-1	0.0	0.0	0.0	0.0	0.0	0.0
6	-61.34893	2.180192	65.285	1	1	-1	0.0	0.0	0.0	0.0	0.0	0.0
6	-61.34893	1.523447	65.285	1	1	-1	0.0	0.0	0.0	0.0	0.0	0.0
6	-61.34893	0.1081897	65.285	1	1	-1	0.0	0.0	0.0	0.0	0.0	0.0
6	-61.34893	-1.301554	65.285	1	1	-1	0.0	0.0	0.0	0.0	0.0	0.0
6	-61.34893	-1.999573	65.285	1	1	-1	0.0	0.0	0.0	0.0	0.0	0.0
6	-60.39672	36.33877	65.285	1	1	-1	0.0	0.0	0.0	0.0	0.0	0.0
6	-60.39672	35.60308	65.285	1	1	-1	0.0	0.0	0.0	0.0	0.0	0.0
6	-60.39672	34.666	65.285	1	1	-1	0.0	0.0	0.0	0.0	0.0	0.0
6	-60.39672	25.06148	65.285	1	1	370	-0.01243	0.026119	0.121882	-32.069996	10.516171	12.33928
6	-60.39672	5.733881	65.285	1	1	-1	0.0	0.0	0.0	0.0	0.0	0.0
6	-60.39672	5.077136	65.285	1	1	-1	0.0	0.0	0.0	0.0	0.0	0.0
6	-60.39672	3.661878	65.285	1	1	-1	0.0	0.0	0.0	0.0	0.0	0.0
6	-60.39672	2.252135	65.285	1	1	-1	0.0	0.0	0.0	0.0	0.0	0.0
6	-60.39672	1.554115	65.285	1	1	-1	0.0	0.0	0.0	0.0	0.0	0.0
6	-26.89403	10.60635	65.285	1	1	-1	0.0	0.0	0.0	0.0	0.0	0.0
6	-26.89403	8.86633	65.285	1	1	91	-0.718971	0.353289	1.840616	1.335169	-3.968047	-1.212753
6	-26.18824	13.24037	65.285	1	1	132	-0.200857	0.160403	0.63364	1.335169	-3.968047	-1.212753
6	-26.18824	11.50035	65.285	1	1	-1	0.0	0.0	0.0	0.0	0.0	0.0
6	-14.86165	27.77519	65.285	1	1	356	-0.122946	0.34425	0.700996	1.122949	-3.854979	1.931357
6	-14.86165	22.97262	65.285	1	1	-1	0.0	0.0	0.0	0.0	0.0	0.0
6	-14.86165	19.21212	65.285	1	1	-1	0.0	0.0	0.0	0.0	0.0	0.0
6	-13.79858	31.74264	65.285	1	1	-1	0.0	0.0	0.0	0.0	0.0	0.0
6	-13.79858	26.94007	65.285	1	1	19	-0.270771	0.663729	1.436345	1.335169	-3.968047	-1.212753
6	-13.79858	23.17957	65.285	1	1	-1	0.0	0.0	0.0	0.0	0.0	0.0
6	-13.40502	33.21141	65.285	1	1	-1	0.0	0.0	0.0	0.0	0.0	0.0
6	-13.40502	28.40884	65.285	1	1	-1	0.0	0.0	0.0	0.0	0.0	0.0
6	-13.40502	24.64834	65.285	1	1	107	0.018003	0.072472	0.173339	1.335169	-3.968047	-1.212753
6	-0.7827261	14.8082	65.285	1	1	-1	0.0	0.0	0.0	0.0	0.0	0.0
6	-0.7827261	8.871465	65.285	1	1	114	-0.088959	0.858435	4.454884	1.335169	-3.968047	-1.212753
6	-0.1087306	17.32358	65.285	1	1	434	0.044017	0.082643	0.246372	2.46635	-4.257061	0.058943
6	-0.1087306	11.38685	65.285	1	1	-1	0.0	0.0	0.0	0.0	0.0	0.0
6	-34.50115	1.265994	65.285	1	1	49	-0.59033	0.096052	1.219344	1.335169	-3.968047	-1.212753
6	-34.50115	-0.3410485	65.285	1	1	-1	0.0	0.0	0.0	0.0	0.0	0.0
6	-32.58702	8.409614	65.285	1	1	-1	0.0	0.0	0.0	0.0	0.0	0.0
6	-32.58702	6.802571	65.285	1	1	452	-0.125343	0.053691	0.325256	1.060594	-3.888001	5.736525
6	-28.87825	-1.356243	65.285	1	1	28	-0.413135	0.042774	1.050147	1.335169	-3.968047	-1.212753
6	-18.19794	4.100167	65.285	1	1	450	-0.044006	0.03891	0.299615	1.060594	-3.888001	5.736525
6	-9.150859	-0.9229063	65.285	1	1	90	-0.022101	0.022092	0.471392	1.335169	-3.968047	-1.212753
6	-1.261105	5.723367	65.285	1	1	-1	0.0	0.0	0.0	0.0	0.0	0.0
6	-1.261105	3.26722	65.285	1	1	62	-0.113877	0.462977	4.274024	1.335169	-3.968047	-1.212753
6	-1.261105	0.5280455	65.285	1	1	-1	0.0	0.0	0.0	0.0	0.0	0.0
6	-1.072636	6.426744	65.285	1	1	-1	0.0	0.0	0.0	0.0	0.0	0.0
6	-1.072636	3.970596	65.285	1	1	-1	0.0	0.0	0.0	0.0	0.0	0.0
6	-1.072636	1.231422	65.285	1	1	1	-0.104692	0.343533	4.365161	1.335169	-3.968047	-1.212753
6	-0.6219909	8.108575	65.285	1	1	361	0.039922	0.066474	0.349319	1.122949	-3.854979	1.931357
6	-0.6219909	5.652428	65.285	1	1	-1	0.0	0.0	0.0	0.0	0.0	0.0
6	-0.6219909	2.913253	65.285	1	1	-1	0.0	0.0	0.0	0.0	0.0	0.0
6	11.09489	17.63986	113.399	1	2	361	0.122454	0.066267	0.327732	1.122949	-3.854979	1.931357
6	11.09489	12.56256	113.399	1	2	-1	0.0	0.0	0.0	0.0	0.0	0.0
6	11.09489	9.388475	113.399	1	2	-1	0.0	0.0	0.0	0.0	0.0	0.0
6	11.22512	18.12587	113.399	1	2	357	0.167432	0.164544	0.80403	1.122949	-3.854979	1.931357
6	11.22512	13.04857	113.399	1	2	-1	0.0	0.0	0.0	0.0	0.0	0.0
6	11.22512	9.874485	113.399	1	2	-1	0.0	0.0	0.0	0.0	0.0	0.0
6	15.72604	34.92353	113.399	1	2	-1	0.0	0.0	0.0	0.0	0.0	0.0
6	15.72604	29.84623	113.399	1	2	112	0.222456	0.296009	0.987862	1.335169	-3.968047	-1.212753
6	15.72604	26.67215	113.399	1	2	-1	0.0	0.0	0.0	0.0	0.0	0.0
6	17.78048	37.51352	113.399	1	2	-1	0.0	0.0	0.0	0.0	0.0	0.0
6	17.78048	34.33943	113.399	1	2	434	0.12553	0.082779	0.211992	2.46635	-4.257061	0.058943
6	34.98566	15.91818	113.399	1	2	12	0.294295	0.119361	0.645887	1.335169	-3.968047	-1.212753
6	56.28898	32.14342	113.399	1	2	85	0.542602	0.29789	0.884855	1.335169	-3.968047	-1.212753
6	71.5425	-1.012143	113.399	1	2	-1	0.0	0.0	0.0	0.0	0.0	0.0
6	71.5425	-2.405636	113.399	1	2	-1	0.0	0.0	0.0	0.0	0.0	0.0
6	71.5425	-3.101553	113.399	1	2	-1	0.0	0.0	0.0	0.0	0.0	0.0
6	71.5425	-4.439556	113.399	1	2	-1	0.0	0.0	0.0	0.0	0.0	0.0
6	71.5425	-5.893703	113.399	1	2	-1	0.0	0.0	0.0	0.0	0.0	0.0
6	71.92329	0.408962	113.399	1	2	-1	0.0	0.0	0.0	0.0	0.0	0.0
6	71.92329	-0.9845319	113.399	1	2	-1	0.0	0.0	0.0	0.0	0.0	0.0
6	71.92329	-1.680448	113.399	1	2	-1	0.0	0.0	0.0	0.0	0.0	0.0
6	71.92329	-3.018451	113.399	1	2	-1	0.0	0.0	0.0	0.0	0.0	0.0
6	71.92329	-4.472599	113.399	1	2	-1	0.0	0.0	0.0	0.0	0.0	0.0
6	71.92329	-5.442962	113.399	1	2	-1	0.0	0.0	0.0	0.0	0.0	0.0
6	72.12	1.14311	113.399	1	2	-1	0.0	0.0	0.0	0.0	0.0	0.0
6	72.12	-0.2503841	113.399	1	2	-1	0.0	0.0	0.0	0.0	0.0	0.0
6	72.12	-0.9463007	113.399	1	2	-1	0.0	0.0	0.0	0.0	0.0	0.0
6	72.12	-2.284303	113.399	1	2	-1	0.0	0.0	0.0	0.0	0.0	0.0
6	72.12	-3.738451	113.399	1	2	-1	0.0	0.0	0.0	0.0	0.0	0.0
6	72.12	-4.708814	113.399	1	2	-1	0.0	0.0	0.0	0.0	0.0	0.0
6	72.12	-5.597835	113.399	1	2	-1	0.0	0.0	0.0	0.0	0.0	0.0
6	72.12	-6.122528	113.399	1	2	-1	0.0	0.0	0.0	0.0	0.0	0.0
6	72.45969	2.410861	113.399	1	2	-1	0.0	0.0	0.0	0.0	0.0	0.0
6	72.45969	1.017367	113.399	1	2	-1	0.0	0.0	0.0	0.0	0.0	0.0
6	72.45969	0.3214501	113.399	1	2	-1	0.0	0.0	0.0	0.0	0.0	0.0
6	72.45969	-1.016552	113.399	1	2	433	0.260323	0.00579	0.217282	2.46635	-4.257061	0.058943
6	72.45969	-2.4707	113.399	1	2	-1	0.0	0.0	0.0	0.0	0.0	0.0
6	72.45969	-3.441063	113.399	1	2	-1	0.0	0.0	0.0	0.0	0.0	0.0
6	72.45969	-4.330084	113.399	1	2	-1	0.0	0.0	0.0	0.0	0.0	0.0
6	72.45969	-4.854777	113.399	1	2	-1	0.0	0.0	0.0	0.0	0.0	0.0
6	72.74553	3.477623	113.399	1	2	-1	0.0	0.0	0.0	0.0	0.0	0.0
6	72.74553	2.08413	113.399	1	2	-1	0.0	0.0	0.0	0.0	0.0	0.0
6	72.74553	1.388213	113.399	1	2	-1	0.0	0.0	0.0	0.0	0.0	0.0
6	72.74553	0.05021049	113.399	1	2	-1	0.0	0.0	0.0	0.0	0.0	0.0
6	72.74553	-1.403937	113.399	1	2	-1	0.0	0.0	0.0	0.0	0.0	0.0
6	72.74553	-2.3743	113.399	1	2	-1	0.0	0.0	0.0	0.0	0.0	0.0
6	72.74553	-3.263321	113.399	1	2	-1	0.0	0.0	0.0	0.0	0.0	0.0
6	72.74553	-3.788014	113.399	1	2	-1	0.0	0.0	0.0	0.0	0.0	0.0
6	72.89582	4.038522	113.399	1	2	-1	0.0	0.0	0.0	0.0	0.0	0.0
6	72.89582	2.645028	113.399	1	2	-1	0.0	0.0	0.0	0.0	0.0	0.0
6	72.89582	1.949111	113.399	1	2	-1	0.0	0.0	0.0	0.0	0.0	0.0
6	72.89582	0.6111088	113.399	1	2	-1	0.0	0.0	0.0	0.0	0.0	0.0
6	72.89582	-0.8430389	113.399	1	2	-1	0.0	0.0	0.0	0.0	0.0	0.0
6	72.89582	-1.813402	113.399	1	2	-1	0.0	0.0	0.0	0.0	0.0	0.0
6	72.89582	-2.702423	113.399	1	2	-1	0.0	0.0	0.0	0.0	0.0	0.0
6	72.89582	-3.227116	113.399	1	2	117	0.271186	-0.001576	0.228673	1.335169	-3.968047	-1.212753
6	2.261246	7.227615	113.399	1	2	-1	0.0	0.0	0.0	0.0	0.0	0.0
6	2.261246	0.7955275	113.399	1	2	137	0.113844	0.085427	2.045756	1.335169	-3.968047	-1.212753
6	2.436062	7.880038	113.399	1	2	65	0.130995	0.341299	3.282307	1.335169	-3.968047	-1.212753
6	2.436062	1.44795	113.399	1	2	-1	0.0	0.0	0.0	0.0	0.0	0.0
6	14.8934	6.213004	113.399	1	2	13	0.351326	0.192157	2.140934	1.335169	-3.968047	-1.212753
6	14.8934	0.7265522	113.399	1	2	-1	0.0	0.0	0.0	0.0	0.0	0.0
6	15.89245	4.455059	113.399	1	2	104	0.202362	0.062012	0.821505	1.335169	-3.968047	-1.212753
6	35.98583	3.555493	113.399	1	2	11	0.548178	0.097802	1.468626	1.335169	-3.968047	-1.212753
6	-55.8114	4.997628	113.399	1	2	49	-0.509231	0.097286	1.255104	1.335169	-3.968047	-1.212753
6	-47.9059	34.50138	113.399	1	2	-1	0.0	0.0	0.0	0.0	0.0	0.0
6	-47.9059	5.159458	113.399	1	2	-1	0.0	0.0	0.0	0.0	0.0	0.0
6	-47.9059	4.473773	113.399	1	2	370	0.068509	0.020131	0.102743	-32.069996	10.516171	12.33928
6	-47.9059	2.030369	113.399	1	2	-1	0.0	0.0	0.0	0.0	0.0	0.0
6	-45.61684	13.70233	113.399	1	2	-1	0.0	0.0	0.0	0.0	0.0	0.0
6	-45.61684	13.01665	113.399	1	2	-1	0.0	0.0	0.0	0.0	0.0	0.0
6	-45.61684	10.57325	113.399	1	2	-1	0.0	0.0	0.0	0.0	0.0	0.0
6	-45.61684	0.6045787	113.399	1	2	28	-0.330984	0.043615	1.078666	1.335169	-3.968047	-1.212753
6	-45.61684	-3.118124	113.399	1	2	-1	0.0	0.0	0.0	0.0	0.0	0.0
6	-44.49873	17.87517	113.399	1	2	91	-0.636322	0.354658	1.870427	1.335169	-3.968047	-1.212753
6	-44.49873	17.18948	113.399	1	2	-1	0.0	0.0	0.0	0.0	0.0	0.0
6	-44.49873	14.74608	113.399	1	2	452	-0.042032	0.053299	0.336414	1.060594	-3.888001	5.736525
6	-44.49873	4.777414	113.399	1	2	-1	0.0	0.0	0.0	0.0	0.0	0.0
6	-44.49873	1.05471	113.399	1	2	-1	0.0	0.0	0.0	0.0	0.0	0.0
6	-38.02719	28.92951	113.399	1	2	-1	0.0	0.0	0.0	0.0	0.0	0.0
6	-38.02719	25.2068	113.399	1	2	132	-0.118613	0.160322	0.653969	1.335169	-3.968047	-1.212753
6	-18.28703	10.06548	113.399	1	2	450	0.040149	0.036678	0.297993	1.060594	-3.888001	5.736525
6	-1.279229	18.1211	113.399	1	2	114	-0.005148	0.858941	4.45556	1.335169	-3.968047	-1.212753
6	-6.976223	1.315988	113.399	1	2	90	0.061122	0.02212	0.467298	1.335169	-3.968047	-1.212753
6	-4.287733	0.1149476	113.399	1	2	-1	0.0	0.0	0.0	0.0	0.0	0.0
6	-4.287733	-1.779456	113.399	1	2	2	-0.273229	0.145189	7.536657	1.335169	-3.968047	-1.212753
6	-4.287733	-4.462014	113.399	1	2	-1	0.0	0.0	0.0	0.0	0.0	0.0
6	-2.054105	8.450959	113.399	1	2	62	-0.029446	0.463444	4.275318	1.335169	-3.968047	-1.212753
6	-2.054105	6.556555	113.399	1	2	-1	0.0	0.0	0.0	0.0	0.0	0.0
6	-2.054105	3.873997	113.399	1	2	-1	0.0	0.0	0.0	0.0	0.0	0.0
6	-1.734099	7.750834	113.399	1	2	-1	0.0	0.0	0.0	0.0	0.0	0.0
6	-1.734099	5.068277	113.399	1	2	1	-0.020112	0.343452	4.366283	1.335169	-3.968047	-1.212753
6	46.07913	20.24271	135.48	1	3	-1	0.0	0.0	0.0	0.0	0.0	0.0
6	46.07913	19.41208	135.48	1	3	-1	0.0	0.0	0.0	0.0	0.0	0.0
6	46.07913	-0.3730197	135.48	1	3	-1	0.0	0.0	0.0	0.0	0.0	0.0
6	45.91538	20.85384	135.48	1	3	-1	0.0	0.0	0.0	0.0	0.0	0.0
6	45.91538	20.0232	135.48	1	3	12	0.333274	0.120465	0.62626	1.335169	-3.968047	-1.212753
6	45.91538	0.2381032	135.48	1	3	-1	0.0	0.0	0.0	0.0	0.0	0.0
6	44.63488	25.63275	135.48	1	3	-1	0.0	0.0	0.0	0.0	0.0	0.0
6	44.63488	24.80211	135.48	1	3	-1	0.0	0.0	0.0	0.0	0.0	0.0
6	44.63488	5.017017	135.48	1	3	11	0.587198	0.097488	1.453439	1.335169	-3.968047	-1.212753
6	21.19996	36.64879	135.48	1	3	112	0.2617	0.2958	0.978177	1.335169	-3.968047	-1.212753
6	21.19996	21.67712	135.48	1	3	-1	0.0	0.0	0.0	0.0	0.0	0.0
6	21.0725	37.12447	135.48	1	3	-1	0.0	0.0	0.0	0.0	0.0	0.0
6	21.0725	22.1528	135.48	1	3	361	0.160327	0.067479	0.309689	1.122949	-3.854979	1.931357
6	16.46819	23.02971	135.48	1	3	357	0.20686	0.1642	0.794754	1.122949	-3.854979	1.931357
6	3.457564	10.22141	135.48	1	3	65	0.171195	0.341282	3.280405	1.335169	-3.968047	-1.212753
6	21.94052	6.161422	135.48	1	3	104	0.242281	0.062923	0.810501	1.335169	-3.968047	-1.212753
6	21.94052	-3.662112	135.48	1	3	-1	0.0	0.0	0.0	0.0	0.0	0.0
6	18.75298	8.233945	135.48	1	3	13	0.391764	0.192272	2.133842	1.335169	-3.968047	-1.212753
6	3.706736	1.727371	135.48	1	3	137	0.153748	0.085271	2.043114	1.335169	-3.968047	-1.212753
6	-1.200638	22.3325	135.48	1	3	114	0.034188	0.858782	4.455428	1.335169	-3.968047	-1.212753
6	-2.099088	25.68556	135.48	1	3	-1	0.0	0.0	0.0	0.0	0.0	0.0
6	-2.099088	10.82011	135.48	1	3	62	0.010459	0.463288	4.275381	1.335169	-3.968047	-1.212753
6	-13.7059	27.83076	135.48	1	3	-1	0.0	0.0	0.0	0.0	0.0	0.0
6	-13.7059	26.33054	135.48	1	3	-1	0.0	0.0	0.0	0.0	0.0	0.0
6	-13.7059	24.90798	135.48	1	3	-1	0.0	0.0	0.0	0.0	0.0	0.0
6	-13.7059	12.91852	135.48	1	3	450	0.078816	0.038544	0.288989	1.060594	-3.888001	5.736525
6	-13.96824	28.80982	135.48	1	3	-1	0.0	0.0	0.0	0.0	0.0	0.0
6	-13.96824	27.3096	135.48	1	3	-1	0.0	0.0	0.0	0.0	0.0	0.0
6	-13.96824	25.88704	135.48	1	3	-1	0.0	0.0	0.0	0.0	0.0	0.0
6	-13.96824	13.89758	135.48	1	3	-1	0.0	0.0	0.0	0.0	0.0	0.0
6	-14.19325	29.6496	135.48	1	3	-1	0.0	0.0	0.0	0.0	0.0	0.0
6	-14.19325	28.14938	135.48	1	3	-1	0.0	0.0	0.0	0.0	0.0	0.0
6	-14.19325	26.72682	135.48	1	3	-1	0.0	0.0	0.0	0.0	0.0	0.0
6	-14.19325	14.73736	135.48	1	3	-1	0.0	0.0	0.0	0.0	0.0	0.0
6	-14.57299	31.0668	135.48	1	3	-1	0.0	0.0	0.0	0.0	0.0	0.0
6	-14.57299	29.56658	135.48	1	3	-1	0.0	0.0	0.0	0.0	0.0	0.0
6	-14.57299	28.14402	135.48	1	3	-1	0.0	0.0	0.0	0.0	0.0	0.0
6	-14.57299	16.15456	135.48	1	3	-1	0.0	0.0	0.0	0.0	0.0	0.0
6	-14.74782	31.71926	135.48	1	3	-1	0.0	0.0	0.0	0.0	0.0	0.0
6	-14.74782	30.21904	135.48	1	3	371	0.022578	-0.037014	-0.010872	-20.871798	39.604691	137.630112
6	-14.74782	28.79648	135.48	1	3	-1	0.0	0.0	0.0	0.0	0.0	0.0
6	-14.74782	16.80702	135.48	1	3	-1	0.0	0.0	0.0	0.0	0.0	0.0
6	-15.00572	32.68178	135.48	1	3	-1	0.0	0.0	0.0	0.0	0.0	0.0
6	-15.00572	31.18156	135.48	1	3	-1	0.0	0.0	0.0	0.0	0.0	0.0
6	-15.00572	29.759	135.48	1	3	-1	0.0	0.0	0.0	0.0	0.0	0.0
6	-15.00572	17.76954	135.48	1	3	-1	0.0	0.0	0.0	0.0	0.0	0.0
6	-15.37926	34.07584	135.48	1	3	-1	0.0	0.0	0.0	0.0	0.0	0.0
6	-15.37926	32.57563	135.48	1	3	-1	0.0	0.0	0.0	0.0	0.0	0.0
6	-15.37926	31.15306	135.48	1	3	-1	0.0	0.0	0.0	0.0	0.0	0.0
6	-15.37926	19.16361	135.48	1	3	-1	0.0	0.0	0.0	0.0	0.0	0.0
6	-41.33374	30.61622	135.48	1	3	132	-0.078978	0.159552	0.660073	1.335169	-3.968047	-1.212753
6	-41.33374	0.4049558	135.48	1	3	-1	0.0	0.0	0.0	0.0	0.0	0.0
6	-46.0168	17.88237	135.48	1	3	452	-0.005548	0.050909	0.335098	1.060594	-3.888001	5.736525
6	-46.0168	1.236617	135.48	1	3	-1	0.0	0.0	0.0	0.0	0.0	0.0
6	-51.63071	38.83376	135.48	1	3	-1	0.0	0.0	0.0	0.0	0.0	0.0
6	-51.63071	22.18801	135.48	1	3	91	-0.596965	0.353339	1.883547	1.335169	-3.968047	-1.212753
6	-51.63071	0.2721391	135.48	1	3	-1	0.0	0.0	0.0	0.0	0.0	0.0
6	-51.96569	23.43817	135.48	1	3	-1	0.0	0.0	0.0	0.0	0.0	0.0
6	-51.96569	1.522292	135.48	1	3	28	-0.29254	0.044105	1.089635	1.335169	-3.968047	-1.212753
6	-64.41999	6.76006	135.48	1	3	49	-0.472417	0.097516	1.269345	1.335169	-3.968047	-1.212753
6	-1.743589	6.798176	135.48	1	3	1	0.019938	0.343605	4.366239	1.335169	-3.968047	-1.212753
6	-1.743589	-2.560637	135.48	1	3	-1	0.0	0.0	0.0	0.0	0.0	0.0
6	-3.069577	2.38802	135.48	1	3	90	0.101387	0.022067	0.459898	1.335169	-3.968047	-1.212753
6	-5.031229	-1.335307	135.48	1	3	2	-0.233048	0.144833	7.537966	1.335169	-3.968047	-1.212753
6	4.997971	12.9006	161.4135	1	4	65	0.215909	0.341858	3.277652	1.335169	-3.968047	-1.212753
6	23.79823	27.62095	161.4135	1	4	-1	0.0	0.0	0.0	0.0	0.0	0.0
6	23.79823	10.59316	161.4135	1	4	13	0.436445	0.193093	2.125028	1.335169	-3.968047	-1.212753
6	24.0155	28.43185	161.4135	1	4	357	0.251436	0.164109	0.78168	1.122949	-3.854979	1.931357
6	24.0155	11.40406	161.4135	1	4	-1	0.0	0.0	0.0	0.0	0.0	0.0
6	36.92234	27.96429	161.4135	1	4	-1	0.0	0.0	0.0	0.0	0.0	0.0
6	36.92234	27.18247	161.4135	1	4	-1	0.0	0.0	0.0	0.0	0.0	0.0
6	37.14918	28.81087	161.4135	1	4	-1	0.0	0.0	0.0	0.0	0.0	0.0
6	37.14918	28.02905	161.4135	1	4	361	0.204204	0.065976	0.281945	1.122949	-3.854979	1.931357
6	55.51518	6.792593	161.4135	1	4	11	0.629192	0.097631	1.435688	1.335169	-3.968047	-1.212753
6	55.51518	4.967208	161.4135	1	4	-1	0.0	0.0	0.0	0.0	0.0	0.0
6	60.82634	26.61412	161.4135	1	4	-1	0.0	0.0	0.0	0.0	0.0	0.0
6	60.82634	24.78874	161.4135	1	4	-1	0.0	0.0	0.0	0.0	0.0	0.0
6	60.96024	27.11385	161.4135	1	4	-1	0.0	0.0	0.0	0.0	0.0	0.0
6	60.96024	25.28847	161.4135	1	4	12	0.376581	0.122822	0.600508	1.335169	-3.968047	-1.212753
6	4.027705	3.648691	161.4135	1	4	90	0.145699	0.022401	0.447356	1.335169	-3.968047	-1.212753
6	5.972578	2.836327	161.4135	1	4	137	0.198908	0.085385	2.039158	1.335169	-3.968047	-1.212753
6	30.49419	8.200742	161.4135	1	4	104	0.286904	0.062848	0.795762	1.335169	-3.968047	-1.212753
6	-73.6054	8.758	161.4135	1	4	49	-0.432744	0.097163	1.283367	1.335169	-3.968047	-1.212753
6	-59.54503	27.0447	161.4135	1	4	91	-0.554334	0.351667	1.896796	1.335169	-3.968047	-1.212753
6	-59.54503	-1.932143	161.4135	1	4	-1	0.0	0.0	0.0	0.0	0.0	0.0
6	-58.34327	31.52974	161.4135	1	4	-1	0.0	0.0	0.0	0.0	0.0	0.0
6	-58.34327	2.552896	161.4135	1	4	28	-0.250087	0.044877	1.100056	1.335169	-3.968047	-1.212753
6	-44.73333	32.29015	161.4135	1	4	-1	0.0	0.0	0.0	0.0	0.0	0.0
6	-44.73333	21.79505	161.4135	1	4	452	0.03734	0.049785	0.328144	1.060594	-3.888001	5.736525
6	-43.51714	36.82904	161.4135	1	4	132	-0.034	0.158298	0.664143	1.335169	-3.968047	-1.212753
6	-43.51714	26.33394	161.4135	1	4	-1	0.0	0.0	0.0	0.0	0.0	0.0
6	-4.389817	16.4887	161.4135	1	4	450	0.123031	0.039852	0.271436	1.060594	-3.888001	5.736525
6	-4.389817	14.23503	161.4135	1	4	-1	0.0	0.0	0.0	0.0	0.0	0.0
6	-1.908975	25.74733	161.4135	1	4	-1	0.0	0.0	0.0	0.0	0.0	0.0
6	-1.908975	23.49366	161.4135	1	4	-1	0.0	0.0	0.0	0.0	0.0	0.0
6	-1.908975	13.59669	161.4135	1	4	62	0.054662	0.463528	4.274954	1.335169	-3.968047	-1.212753
6	-1.478832	27.35264	161.4135	1	4	-1	0.0	0.0	0.0	0.0	0.0	0.0
6	-1.478832	25.09898	161.4135	1	4	-1	0.0	0.0	0.0	0.0	0.0	0.0
6	-1.478832	15.202	161.4135	1	4	-1	0.0	0.0	0.0	0.0	0.0	0.0
6	-1.478832	8.859591	161.4135	1	4	1	0.064707	0.343297	4.365779	1.335169	-3.968047	-1.212753
6	-0.8764175	29.60088	161.4135	1	4	-1	0.0	0.0	0.0	0.0	0.0	0.0
6	-0.8764175	27.34722	161.4135	1	4	114	0.078439	0.85899	4.454787	1.335169	-3.968047	-1.212753
6	-0.8764175	17.45024	161.4135	1	4	-1	0.0	0.0	0.0	0.0	0.0	0.0
6	-0.8764175	11.10783	161.4135	1	4	-1	0.0	0.0	0.0	0.0	0.0	0.0
6	-5.754168	-0.8448631	161.4135	1	4	2	-0.187851	0.144766	7.539191	1.335169	-3.968047	-1.212753
6	76.36656	28.97359	183.818	1	5	-1	0.0	0.0	0.0	0.0	0.0	0.0
6	76.08833	30.01201	183.818	1	5	12	0.414467	0.129232	0.573414	1.335169	-3.968047	-1.212753
6	65.73069	8.346554	183.818	1	5	11	0.665752	0.099033	1.418933	1.335169	-3.968047	-1.212753
6	65.73069	1.252594	183.818	1	5	-1	0.0	0.0	0.0	0.0	0.0	0.0
6	65.73069	0.6320006	183.818	1	5	-1	0.0	0.0	0.0	0.0	0.0	0.0
6	65.73069	0.01493415	183.818	1	5	-1	0.0	0.0	0.0	0.0	0.0	0.0
6	65.73069	-1.196343	183.818	1	5	-1	0.0	0.0	0.0	0.0	0.0	0.0
6	56.9895	33.87514	183.818	1	5	-1	0.0	0.0	0.0	0.0	0.0	0.0
6	56.9895	33.25455	183.818	1	5	-1	0.0	0.0	0.0	0.0	0.0	0.0
6	56.9895	32.63749	183.818	1	5	-1	0.0	0.0	0.0	0.0	0.0	0.0
6	56.9895	31.42621	183.818	1	5	-1	0.0	0.0	0.0	0.0	0.0	0.0
6	56.82618	34.48465	183.818	1	5	-1	0.0	0.0	0.0	0.0	0.0	0.0
6	56.82618	33.86405	183.818	1	5	-1	0.0	0.0	0.0	0.0	0.0	0.0
6	56.82618	33.24699	183.818	1	5	-1	0.0	0.0	0.0	0.0	0.0	0.0
6	56.82618	32.03571	183.818	1	5	-1	0.0	0.0	0.0	0.0	0.0	0.0
6	56.69438	34.97654	183.818	1	5	-1	0.0	0.0	0.0	0.0	0.0	0.0
6	56.69438	34.35595	183.818	1	5	-1	0.0	0.0	0.0	0.0	0.0	0.0
6	56.69438	33.73888	183.818	1	5	-1	0.0	0.0	0.0	0.0	0.0	0.0
6	56.69438	32.5276	183.818	1	5	-1	0.0	0.0	0.0	0.0	0.0	0.0
6	56.3875	36.12182	183.818	1	5	-1	0.0	0.0	0.0	0.0	0.0	0.0
6	56.3875	35.50123	183.818	1	5	-1	0.0	0.0	0.0	0.0	0.0	0.0
6	56.3875	34.88416	183.818	1	5	-1	0.0	0.0	0.0	0.0	0.0	0.0
6	56.3875	33.67289	183.818	1	5	361	0.243879	0.066892	0.246932	1.122949	-3.854979	1.931357
6	39.24364	9.98633	183.818	1	5	104	0.32649	0.062279	0.780357	1.335169	-3.968047	-1.212753
6	31.90435	37.37691	183.818	1	5	-1	0.0	0.0	0.0	0.0	0.0	0.0
6	31.90435	33.2138	183.818	1	5	357	0.292365	0.164859	0.767037	1.122949	-3.854979	1.931357
6	28.63453	12.61034	183.818	1	5	13	0.476637	0.192924	2.116348	1.335169	-3.968047	-1.212753
6	8.352269	20.04598	183.818	1	5	-1	0.0	0.0	0.0	0.0	0.0	0.0
6	8.352269	18.66031	183.818	1	5	-1	0.0	0.0	0.0	0.0	0.0	0.0
6	8.012869	21.31264	183.818	1	5	-1	0.0	0.0	0.0	0.0	0.0	0.0
6	8.012869	19.92697	183.818	1	5	450	0.162343	0.040895	0.24816	1.060594	-3.888001	5.736525
6	8.012869	10.02426	183.818	1	5	-1	0.0	0.0	0.0	0.0	0.0	0.0
6	6.622511	26.50153	183.818	1	5	-1	0.0	0.0	0.0	0.0	0.0	0.0
6	6.622511	25.11586	183.818	1	5	-1	0.0	0.0	0.0	0.0	0.0	0.0
6	6.622511	15.21314	183.818	1	5	65	0.2567	0.342173	3.274636	1.335169	-3.968047	-1.212753
6	12.59249	4.816051	183.818	1	5	90	0.18586	0.02268	0.43177	1.335169	-3.968047	-1.212753
6	8.393291	3.768049	183.818	1	5	137	0.239342	0.085901	2.03475	1.335169	-3.968047	-1.212753
6	-0.3705948	31.66314	183.818	1	5	114	0.118676	0.85866	4.4539	1.335169	-3.968047	-1.212753
6	-0.3705948	11.85328	183.818	1	5	-1	0.0	0.0	0.0	0.0	0.0	0.0
6	-1.047442	34.18917	183.818	1	5	-1	0.0	0.0	0.0	0.0	0.0	0.0
6	-1.047442	14.37931	183.818	1	5	-1	0.0	0.0	0.0	0.0	0.0	0.0
6	-1.047442	10.63145	183.818	1	5	1	0.104908	0.343685	4.364932	1.335169	-3.968047	-1.212753
6	-1.505565	35.8989	183.818	1	5	-1	0.0	0.0	0.0	0.0	0.0	0.0
6	-1.505565	16.08904	183.818	1	5	62	0.097533	0.464989	4.273972	1.335169	-3.968047	-1.212753
6	-1.505565	12.34119	183.818	1	5	-1	0.0	0.0	0.0	0.0	0.0	0.0
6	-40.75871	25.2058	183.818	1	5	452	0.073191	0.051559	0.316829	1.060594	-3.888001	5.736525
6	-63.01485	20.71917	183.818	1	5	-1	0.0	0.0	0.0	0.0	0.0	0.0
6	-63.01485	3.461963	183.818	1	5	28	-0.212979	0.0445	1.107792	1.335169	-3.968047	-1.212753
6	-65.80822	31.14416	183.818	1	5	91	-0.515212	0.347954	1.908301	1.335169	-3.968047	-1.212753
6	-65.80822	13.88696	183.818	1	5	-1	0.0	0.0	0.0	0.0	0.0	0.0
6	-6.250372	-0.3766084	183.818	1	5	2	-0.147294	0.145499	7.540036	1.335169	-3.968047	-1.212753
